loan_id,customer_id,segment,industry,rating_grade,outstanding_balance_bn_vnd,undrawn_bn_vnd,interest_rate_pct,dpd,dscr,debt_to_ebitda,collateral_type,collateral_value_bn_vnd,base_pd,pd_12m,lgd,ead,stage,ecl_bn_vnd
L00001,C0103,Corporate,Agriculture,A,3.45,3.88,14.04,20,3.43,3.71,Real Estate,4.64,0.012,0.014000000000000002,0.48101449275362324,5.390000000000001,Stage 1,0.036
L00002,C0180,Corporate,Transport,A,89.1,2.09,10.51,0,1.53,1.94,Machinery,85.73,0.012,0.01641,0.5575645342312009,90.145,Stage 1,0.825
L00003,C0093,SME,Agriculture,AA,10.13,4.41,13.65,0,1.51,2.9,Receivables,17.02,0.006,0.008235000000000001,0.41396841066140183,12.335,Stage 1,0.042
L00004,C0015,SME,Real Estate,A,5.97,7.66,11.74,5,1.44,5.82,Unsecured,0.0,0.012,0.017375,0.65,9.8,Stage 1,0.111
L00005,C0107,SME,Technology,BBB,11.44,2.48,9.23,0,0.87,3.07,Receivables,12.89,0.025,0.0383125,0.5246503496503496,12.68,Stage 1,0.255
L00006,C0072,SME,Energy,BBB,6.47,1.45,9.99,0,0.83,4.71,Unsecured,0.0,0.025,0.0385625,0.65,7.194999999999999,Stage 1,0.18
L00007,C0189,Retail,Retail,AAA,17.65,17.01,8.09,0,2.44,1.91,Receivables,21.17,0.003,0.0034200000000000003,0.5101133144475921,26.155,Stage 1,0.046
L00008,C0021,SME,Agriculture,BB,35.07,1.4,9.83,0,3.13,5.41,Real Estate,53.23,0.055,0.055,0.44643570002851446,35.77,Stage 1,0.878
L00009,C0103,Corporate,Technology,BBB,6.72,2.85,12.24,35,2.87,3.37,Real Estate,6.17,0.025,0.033341145833333335,0.5663690476190476,8.145,Stage 2,0.154
L00010,C0122,SME,Energy,B,20.2,4.32,8.0,0,0.92,5.7,Receivables,31.68,0.12,0.1824,0.4363366336633664,22.36,Stage 1,1.78
L00011,C0211,Corporate,Consumer Finance,CCC,4.6,3.03,8.94,0,2.14,7.06,Real Estate,4.15,0.28,0.3402,0.5695652173913044,6.114999999999999,Stage 1,1.185
L00012,C0215,Corporate,Real Estate,A,27.75,3.48,10.17,0,0.82,5.59,Real Estate,44.08,0.012,0.01854,0.43230630630630634,29.49,Stage 1,0.236
L00013,C0075,Corporate,Transport,BBB,18.02,5.49,14.37,95,0.64,3.22,Machinery,12.66,0.025,0.07121875000000001,0.6094894561598224,20.765,Stage 3,0.901
L00014,C0203,Corporate,Transport,AAA,28.6,0.69,12.99,0,2.47,2.92,Unsecured,0.0,0.003,0.0033974999999999995,0.65,28.945,Stage 1,0.064
L00015,C0088,Retail,Construction,BB,12.36,1.51,12.63,0,2.11,3.46,Real Estate,14.82,0.055,0.0672375,0.5101941747572816,13.115,Stage 1,0.45
L00016,C0117,Retail,Energy,BB,9.93,3.78,8.31,0,0.75,2.23,Unsecured,0.0,0.055,0.0859375,0.65,11.82,Stage 1,0.66
L00017,C0100,SME,Consumer Finance,A,23.84,2.77,12.97,0,0.6,2.36,Unsecured,0.0,0.012,0.019200000000000002,0.65,25.225,Stage 1,0.315
L00018,C0104,Corporate,Technology,BBB,5.39,4.02,13.0,0,3.47,6.93,Machinery,6.03,0.025,0.025,0.526252319109462,7.3999999999999995,Stage 1,0.097
L00019,C0152,Corporate,Real Estate,A,3.97,4.3,11.71,0,0.59,3.89,Real Estate,7.14,0.012,0.01923,0.3903022670025189,6.12,Stage 1,0.046
L00020,C0131,Corporate,Energy,A,13.42,0.83,14.43,0,1.83,4.27,Real Estate,11.6,0.012,0.01551,0.5771236959761551,13.834999999999999,Stage 1,0.124
L00021,C0150,Corporate,Consumer Finance,BB,10.25,8.95,9.78,0,2.01,5.46,Receivables,7.42,0.055,0.0686125,0.605219512195122,14.725,Stage 1,0.611
L00022,C0053,SME,Retail,BBB,19.84,2.59,14.09,10,0.85,5.42,Receivables,25.83,0.025,0.04164062500000001,0.48961693548387103,21.134999999999998,Stage 1,0.431
L00023,C0002,SME,Agriculture,BB,28.91,2.0,13.9,0,1.01,1.51,Unsecured,0.0,0.055,0.0823625,0.65,29.91,Stage 1,1.601
L00024,C0088,SME,Transport,BBB,19.55,4.25,7.58,0,1.56,7.24,Inventory,24.03,0.025,0.033999999999999996,0.5041687979539642,21.675,Stage 1,0.372
L00025,C0158,Corporate,Technology,CCC,27.34,3.96,10.65,0,2.79,2.33,Real Estate,38.28,0.28,0.2947,0.4699707388441844,29.32,Stage 1,4.061
L00026,C0038,Retail,Transport,A,16.86,8.48,14.34,95,2.02,6.42,Real Estate,15.52,0.012,0.0267675,0.5658956109134046,21.1,Stage 3,0.32
L00027,C0130,SME,Technology,BBB,19.03,4.44,8.22,0,2.41,6.8,Receivables,32.21,0.025,0.0286875,0.4114818707304257,21.25,Stage 1,0.251
L00028,C0192,SME,Construction,BB,12.41,8.25,11.33,20,3.46,6.36,Real Estate,13.93,0.055,0.06416666666666668,0.5255036261079775,16.535,Stage 1,0.558
L00029,C0188,SME,Technology,BBB,18.64,1.9,14.35,5,2.8,5.34,Real Estate,14.07,0.025,0.027343750000000003,0.5990343347639485,19.59,Stage 1,0.321
L00030,C0021,Corporate,Transport,CCC,15.13,4.05,11.39,0,1.8,1.11,Machinery,22.56,0.28,0.36400000000000005,0.4517845340383345,17.155,Stage 1,2.821
L00031,C0161,Corporate,Technology,BB,16.91,1.68,8.83,95,1.84,3.7,Real Estate,23.2,0.055,0.12711874999999997,0.47560615020697816,17.75,Stage 3,1.073
L00032,C0204,Corporate,Retail,BB,11.98,3.93,11.58,0,2.36,5.54,Real Estate,11.73,0.055,0.06380000000000001,0.5541736227045075,13.945,Stage 1,0.493
L00033,C0058,SME,Construction,BB,23.72,3.39,8.93,0,2.5,3.91,Machinery,31.92,0.055,0.061875,0.48086003372681285,25.415,Stage 1,0.756
L00034,C0022,Corporate,Technology,CCC,8.19,3.29,11.14,10,2.0,7.48,Real Estate,7.07,0.28,0.37916666666666665,0.5773504273504274,9.834999999999999,Stage 1,2.153
L00035,C0089,Corporate,Energy,B,13.29,3.31,8.02,0,2.43,3.32,Real Estate,15.07,0.12,0.1371,0.5232129420617005,14.944999999999999,Stage 1,1.072
L00036,C0049,Corporate,Manufacturing,BB,33.73,6.14,11.74,0,0.57,3.2,Receivables,56.64,0.055,0.08841249999999999,0.4141565372072339,36.8,Stage 1,1.347
L00037,C0219,Corporate,Consumer Finance,BB,6.93,1.19,11.12,0,1.79,2.99,Unsecured,0.0,0.055,0.0716375,0.65,7.5249999999999995,Stage 1,0.35
L00038,C0059,Retail,Manufacturing,A,2.96,1.95,12.68,0,1.34,3.5,Real Estate,3.15,0.012,0.016980000000000002,0.5371621621621622,3.935,Stage 1,0.036
L00039,C0170,SME,Manufacturing,AA,17.4,3.57,11.91,5,0.89,5.18,Unsecured,0.0,0.006,0.009546875000000002,0.65,19.185,Stage 1,0.119
L00040,C0188,SME,Real Estate,BBB,11.25,1.61,11.35,0,0.8,6.3,Real Estate,19.84,0.025,0.03875000000000001,0.3972888888888889,12.055,Stage 1,0.186
L00041,C0208,Corporate,Retail,AAA,27.32,3.79,12.33,0,2.31,5.97,Machinery,31.27,0.003,0.0035175,0.5210834553440703,29.215,Stage 1,0.054
L00042,C0015,SME,Energy,BBB,12.29,3.54,8.51,0,2.07,7.06,Unsecured,0.0,0.025,0.0308125,0.65,14.059999999999999,Stage 1,0.282
L00043,C0190,SME,Agriculture,A,8.82,1.37,11.67,0,1.26,7.64,Receivables,11.35,0.012,0.017220000000000003,0.4926303854875284,9.505,Stage 1,0.081
L00044,C0190,Corporate,Technology,BBB,12.77,1.33,8.7,20,1.91,7.12,Unsecured,0.0,0.025,0.03711458333333334,0.65,13.434999999999999,Stage 1,0.324
L00045,C0175,Corporate,Consumer Finance,BB,28.94,0.58,13.98,0,1.98,1.14,Real Estate,47.17,0.055,0.06902499999999999,0.4240152038700761,29.23,Stage 1,0.855
L00046,C0190,Corporate,Construction,B,20.14,1.56,7.98,95,1.09,6.52,Real Estate,16.21,0.12,0.31766249999999996,0.5890268123138034,20.92,Stage 3,3.914
L00047,C0051,SME,Energy,AA,2.45,3.71,10.51,0,2.46,2.56,Unsecured,0.0,0.006,0.00681,0.65,4.305,Stage 1,0.019
L00048,C0108,SME,Transport,BBB,15.33,4.09,12.37,0,2.84,2.0,Real Estate,17.73,0.025,0.026000000000000002,0.5186888454011742,17.375,Stage 1,0.234
L00049,C0055,Corporate,Agriculture,B,15.88,4.23,10.71,0,2.87,5.79,Real Estate,24.57,0.12,0.1239,0.4405541561712847,17.995,Stage 1,0.982
L00050,C0064,Corporate,Real Estate,AA,13.29,2.13,8.14,0,2.31,3.4,Receivables,17.59,0.006,0.007035,0.48528969149736645,14.354999999999999,Stage 1,0.049
L00051,C0131,SME,Real Estate,B,8.78,3.62,11.37,0,2.03,1.43,Unsecured,0.0,0.12,0.1491,0.65,10.59,Stage 1,1.026
L00052,C0051,SME,Energy,BBB,31.07,4.85,11.99,0,0.68,2.03,Unsecured,0.0,0.025,0.03950000000000001,0.65,33.495,Stage 1,0.86
L00053,C0135,Retail,Manufacturing,BBB,32.16,1.51,12.43,0,1.36,1.01,Real Estate,22.19,0.025,0.03525,0.6120024875621891,32.915,Stage 1,0.71
L00054,C0021,SME,Transport,CCC,2.88,4.0,10.11,150,0.78,7.77,Unsecured,0.0,0.28,0.75,0.65,4.88,Stage 3,2.379
L00055,C0073,Corporate,Real Estate,A,7.7,5.81,11.45,0,3.39,1.18,Real Estate,8.39,0.012,0.012,0.5320779220779221,10.605,Stage 1,0.068
L00056,C0167,Corporate,Consumer Finance,BB,12.17,2.6,10.65,0,0.91,2.57,Real Estate,12.38,0.055,0.08373749999999999,0.5465488907148727,13.47,Stage 1,0.616
L00057,C0018,SME,Real Estate,B,26.15,7.72,12.2,0,0.96,4.12,Inventory,16.37,0.12,0.1812,0.6247992351816444,30.009999999999998,Stage 1,3.398
L00058,C0132,Corporate,Construction,AA,13.8,2.65,11.58,0,3.17,3.67,Real Estate,9.8,0.006,0.006,0.6079710144927537,15.125,Stage 1,0.055
L00059,C0089,SME,Technology,BB,8.34,2.01,11.18,0,3.33,7.84,Real Estate,11.82,0.055,0.055,0.4665467625899281,9.344999999999999,Stage 1,0.24
L00060,C0060,Retail,Real Estate,CCC,22.12,5.42,9.25,5,2.8,1.3,Receivables,36.61,0.28,0.3062500000000001,0.4189873417721519,24.830000000000002,Stage 1,3.186
L00061,C0014,SME,Construction,A,11.61,15.23,7.51,35,0.52,4.84,Real Estate,14.13,0.012,0.025110000000000004,0.5065891472868217,19.225,Stage 2,0.245
L00062,C0009,Corporate,Energy,B,12.4,3.9,8.72,0,0.5,6.1,Real Estate,15.46,0.12,0.195,0.5006451612903227,14.35,Stage 1,1.401
L00063,C0090,SME,Energy,BB,13.21,5.72,8.32,0,1.63,7.99,Real Estate,11.97,0.055,0.0738375,0.568773656320969,16.07,Stage 1,0.675
L00064,C0053,SME,Agriculture,BB,20.13,2.57,10.64,0,0.93,5.65,Machinery,30.63,0.055,0.08346250000000001,0.4456780923994039,21.415,Stage 1,0.797
L00065,C0130,SME,Real Estate,BB,10.85,1.54,11.79,0,0.56,7.03,Machinery,16.3,0.055,0.08854999999999999,0.44953917050691244,11.62,Stage 1,0.463
L00066,C0084,Retail,Consumer Finance,BBB,21.78,4.12,8.99,0,1.89,1.63,Unsecured,0.0,0.025,0.0319375,0.65,23.84,Stage 1,0.495
L00067,C0092,Corporate,Real Estate,B,12.79,4.6,14.07,0,3.33,3.89,Receivables,10.94,0.12,0.12,0.5789288506645818,15.09,Stage 1,1.048
L00068,C0111,Retail,Consumer Finance,B,6.38,2.86,7.55,0,1.47,3.8,Machinery,4.57,0.12,0.1659,0.6067398119122257,7.81,Stage 1,0.786
L00069,C0188,Retail,Retail,BB,13.12,5.71,12.91,0,2.48,7.65,Unsecured,0.0,0.055,0.06215,0.65,15.975,Stage 1,0.645
L00070,C0199,Corporate,Agriculture,BB,6.62,2.32,11.88,5,2.46,2.14,Real Estate,8.68,0.055,0.06502604166666667,0.48776435045317224,7.78,Stage 1,0.247
L00071,C0172,Corporate,Retail,BB,13.86,1.95,10.11,0,1.25,2.14,Real Estate,22.04,0.055,0.0790625,0.431962481962482,14.834999999999999,Stage 1,0.507
L00072,C0008,Corporate,Real Estate,BBB,24.06,7.71,7.85,0,2.45,3.46,Unsecured,0.0,0.025,0.0284375,0.65,27.915,Stage 1,0.516
L00073,C0175,Corporate,Agriculture,BB,6.35,7.73,11.89,0,1.14,1.41,Real Estate,7.34,0.055,0.08057500000000001,0.5188188976377953,10.215,Stage 1,0.427
L00074,C0035,Corporate,Retail,BBB,17.37,2.35,10.2,0,0.87,2.37,Cash,26.77,0.025,0.0383125,0.44176741508347733,18.545,Stage 1,0.314
L00075,C0206,SME,Manufacturing,BB,7.54,12.22,14.05,20,2.6,8.24,Machinery,13.09,0.055,0.07058333333333335,0.4027851458885942,13.65,Stage 1,0.388
L00076,C0081,Corporate,Real Estate,BB,15.51,3.0,11.29,20,0.84,4.21,Unsecured,0.0,0.055,0.09881666666666666,0.65,17.009999999999998,Stage 1,1.093
L00077,C0164,Corporate,Retail,BBB,24.59,3.89,14.08,5,3.49,5.74,Machinery,26.5,0.025,0.02604166666666667,0.5344652297681984,26.535,Stage 1,0.369
L00078,C0050,Retail,Manufacturing,AA,3.03,3.46,9.04,0,1.05,6.45,Machinery,5.2,0.006,0.008925,0.4067656765676568,4.76,Stage 1,0.017
L00079,C0104,Corporate,Manufacturing,A,6.17,5.29,12.58,0,2.28,3.75,Real Estate,6.21,0.012,0.014160000000000002,0.5487034035656402,8.815,Stage 1,0.068
L00080,C0132,Retail,Energy,BBB,10.4,4.44,11.82,0,1.73,2.1,Receivables,17.65,0.025,0.0329375,0.4105769230769232,12.620000000000001,Stage 1,0.171
L00081,C0002,Corporate,Real Estate,BB,16.79,4.4,12.68,10,0.88,2.55,Machinery,29.84,0.055,0.0911625,0.39455032757593805,18.99,Stage 1,0.683
L00082,C0134,Corporate,Manufacturing,BB,11.98,1.8,9.0,0,0.58,3.35,Unsecured,0.0,0.055,0.088275,0.65,12.88,Stage 1,0.739
L00083,C0054,SME,Energy,BB,13.04,1.13,12.15,95,2.37,5.77,Real Estate,20.61,0.055,0.11406197916666665,0.4338957055214724,13.604999999999999,Stage 3,0.673
L00084,C0106,SME,Retail,BBB,56.27,8.16,10.99,35,2.92,3.99,Real Estate,84.37,0.025,0.0329375,0.45012440021325756,60.35,Stage 2,0.895
L00085,C0004,Retail,Construction,BB,5.76,2.5,12.7,0,3.03,1.05,Real Estate,8.29,0.055,0.055,0.46215277777777786,7.01,Stage 1,0.178
L00086,C0054,SME,Real Estate,BBB,29.81,3.55,9.79,0,1.95,4.93,Inventory,28.87,0.025,0.0315625,0.5563066085206307,31.584999999999997,Stage 1,0.555
L00087,C0191,Retail,Agriculture,BBB,10.54,4.61,13.73,0,2.83,7.91,Unsecured,0.0,0.025,0.026062500000000002,0.65,12.844999999999999,Stage 1,0.218
L00088,C0146,Corporate,Consumer Finance,BB,19.78,11.48,8.09,10,2.52,7.09,Real Estate,20.01,0.055,0.06673333333333334,0.5476744186046512,25.520000000000003,Stage 1,0.933
L00089,C0218,Corporate,Consumer Finance,B,59.76,4.11,13.15,0,2.67,7.19,Receivables,83.68,0.12,0.1299,0.46994645247657296,61.815,Stage 1,3.774
L00090,C0044,SME,Retail,BBB,21.8,2.78,13.53,10,1.98,6.96,Real Estate,15.76,0.025,0.03398958333333333,0.6054128440366973,23.19,Stage 1,0.477
L00091,C0162,Retail,Retail,AA,17.47,2.54,13.22,0,2.4,3.43,Inventory,10.73,0.006,0.0069,0.6271608471665713,18.74,Stage 1,0.081
L00092,C0202,Retail,Manufacturing,A,41.24,3.57,11.09,0,2.92,6.74,Unsecured,0.0,0.012,0.012240000000000001,0.65,43.025,Stage 1,0.342
L00093,C0190,Corporate,Real Estate,AAA,29.59,1.94,10.57,20,1.69,2.07,Real Estate,43.17,0.003,0.004646250000000001,0.45821223386279153,30.56,Stage 1,0.065
L00094,C0014,Corporate,Consumer Finance,BB,7.69,3.74,14.47,0,2.92,5.93,Machinery,13.59,0.055,0.056100000000000004,0.39655396618985705,9.56,Stage 1,0.213
L00095,C0095,SME,Consumer Finance,BBB,16.55,3.54,9.1,0,2.28,5.81,Cash,29.45,0.025,0.029500000000000005,0.39410876132930517,18.32,Stage 1,0.213
L00096,C0048,Corporate,Manufacturing,BBB,4.05,11.58,11.33,0,1.0,1.19,Unsecured,0.0,0.025,0.037500000000000006,0.65,9.84,Stage 1,0.24
L00097,C0015,Retail,Consumer Finance,BBB,9.22,3.46,12.19,0,0.57,6.91,Inventory,15.15,0.025,0.0401875,0.42136659436008683,10.950000000000001,Stage 1,0.185
L00098,C0200,Retail,Agriculture,AA,16.77,0.95,12.41,5,1.59,7.77,Machinery,24.89,0.006,0.008453125,0.4531604054859869,17.245,Stage 1,0.066
L00099,C0206,Corporate,Real Estate,BBB,8.83,23.84,8.93,0,2.14,3.01,Real Estate,10.61,0.025,0.030375,0.5096828992072481,20.75,Stage 1,0.321
L00100,C0215,SME,Technology,A,16.3,7.17,12.08,35,3.02,7.09,Machinery,20.98,0.012,0.015500000000000002,0.4925766871165645,19.885,Stage 2,0.152
L00101,C0190,SME,Consumer Finance,BBB,13.34,15.76,13.23,20,0.88,1.62,Unsecured,0.0,0.025,0.04462500000000001,0.65,21.22,Stage 1,0.616
L00102,C0040,Corporate,Retail,A,19.6,1.63,7.85,0,2.9,5.5,Receivables,33.81,0.012,0.012299999999999998,0.405,20.415000000000003,Stage 1,0.102
L00103,C0213,Retail,Agriculture,B,10.0,3.14,13.88,0,3.09,4.64,Real Estate,10.22,0.12,0.12,0.5456000000000001,11.57,Stage 1,0.758
L00104,C0208,SME,Consumer Finance,A,6.97,5.88,7.71,0,0.95,5.09,Real Estate,7.91,0.012,0.01815,0.5230272596843616,9.91,Stage 1,0.094
L00105,C0082,Retail,Agriculture,CCC,37.89,5.34,9.99,0,3.05,7.95,Real Estate,53.27,0.28,0.28,0.46881762998152554,40.56,Stage 1,5.324
L00106,C0111,Corporate,Energy,BBB,9.52,4.55,7.61,95,3.47,7.53,Real Estate,9.53,0.025,0.04479166666666667,0.5497899159663866,11.795,Stage 3,0.29
L00107,C0053,Retail,Technology,B,21.37,0.79,8.04,0,2.68,6.89,Real Estate,19.34,0.12,0.1296,0.5689985961628452,21.765,Stage 1,1.605
L00108,C0024,Corporate,Transport,BB,36.77,1.11,13.88,0,2.85,3.05,Machinery,49.91,0.055,0.0570625,0.47852869186837105,37.325,Stage 1,1.019
L00109,C0154,Corporate,Retail,BB,15.09,10.61,9.98,0,3.48,7.84,Real Estate,9.51,0.055,0.055,0.6239562624254473,20.395,Stage 1,0.7
L00110,C0217,Retail,Retail,BB,7.39,12.02,10.47,0,2.32,1.73,Real Estate,10.83,0.055,0.06434999999999999,0.4569012178619757,13.399999999999999,Stage 1,0.394
L00111,C0188,Corporate,Real Estate,BBB,11.88,3.41,9.01,0,1.42,7.4,Machinery,14.46,0.025,0.034875,0.5065656565656567,13.585,Stage 1,0.24
L00112,C0124,Corporate,Agriculture,BBB,27.45,9.71,11.68,5,3.01,3.46,Real Estate,36.42,0.025,0.02604166666666667,0.48464480874316945,32.305,Stage 1,0.408
L00113,C0041,Retail,Manufacturing,BBB,15.55,1.79,11.66,0,2.34,1.4,Real Estate,21.12,0.025,0.029125,0.4783601286173634,16.445,Stage 1,0.229
L00114,C0157,Retail,Retail,BBB,5.79,2.1,10.11,0,2.24,6.02,Real Estate,7.14,0.025,0.02975,0.5033678756476685,6.84,Stage 1,0.102
L00115,C0015,SME,Agriculture,AAA,20.44,1.7,9.83,0,1.26,2.73,Real Estate,26.55,0.003,0.004305000000000001,0.490215264187867,21.290000000000003,Stage 1,0.045
L00116,C0045,SME,Agriculture,BBB,23.07,2.02,13.69,0,2.77,2.83,Machinery,32.77,0.025,0.026437500000000003,0.46590810576506286,24.080000000000002,Stage 1,0.297
L00117,C0065,Corporate,Construction,BB,10.5,6.09,10.18,0,0.75,3.3,Real Estate,15.79,0.055,0.0859375,0.4492380952380953,13.545,Stage 1,0.523
L00118,C0089,Corporate,Construction,BB,20.64,2.01,10.95,0,3.27,1.48,Receivables,30.4,0.055,0.055,0.4554263565891473,21.645,Stage 1,0.542
L00119,C0071,Corporate,Transport,BB,15.98,17.6,9.48,0,1.48,2.33,Unsecured,0.0,0.055,0.0759,0.65,24.78,Stage 1,1.223
L00120,C0009,SME,Energy,BB,11.73,5.06,13.01,0,0.88,1.04,Receivables,9.7,0.055,0.08415,0.5846121057118501,14.26,Stage 1,0.702
L00121,C0088,SME,Transport,CCC,5.44,7.84,10.28,0,1.83,4.34,Machinery,5.88,0.28,0.36190000000000005,0.5338235294117648,9.36,Stage 1,1.808
L00122,C0129,SME,Consumer Finance,BBB,28.63,5.17,11.1,0,0.63,1.63,Unsecured,0.0,0.025,0.0398125,0.65,31.215,Stage 1,0.808
L00123,C0136,SME,Manufacturing,BBB,22.91,8.58,9.27,60,2.55,6.12,Receivables,24.65,0.025,0.041718750000000006,0.5348101265822786,27.2,Stage 2,0.607
L00124,C0216,Corporate,Consumer Finance,BBB,20.26,2.0,14.41,35,3.21,2.77,Real Estate,15.19,0.025,0.03229166666666667,0.6000493583415598,21.26,Stage 2,0.412
L00125,C0063,SME,Consumer Finance,BBB,39.69,10.1,9.54,0,3.01,8.08,Real Estate,48.84,0.025,0.025,0.5038926681783825,44.739999999999995,Stage 1,0.564
L00126,C0139,Corporate,Real Estate,B,26.09,4.05,12.9,35,0.88,7.53,Unsecured,0.0,0.12,0.23715,0.65,28.115,Stage 2,4.334
L00127,C0081,SME,Consumer Finance,A,21.77,8.55,10.49,5,0.88,3.17,Real Estate,18.36,0.012,0.019125000000000003,0.5813275149288012,26.045,Stage 1,0.29
L00128,C0136,Corporate,Transport,BB,2.86,1.34,8.94,0,2.94,6.87,Real Estate,5.14,0.055,0.05582500000000001,0.3905594405594406,3.53,Stage 1,0.077
L00129,C0163,Retail,Retail,BBB,31.12,4.16,13.1,0,3.27,7.02,Receivables,38.89,0.025,0.025,0.5000642673521851,33.2,Stage 1,0.415
L00130,C0163,Corporate,Retail,BB,14.27,4.06,9.84,5,1.88,8.4,Unsecured,0.0,0.055,0.07333333333333335,0.65,16.3,Stage 1,0.777
L00131,C0033,Corporate,Construction,BB,16.76,2.38,13.56,0,2.0,5.48,Real Estate,30.06,0.055,0.06875,0.3912887828162292,17.950000000000003,Stage 1,0.483
L00132,C0123,Corporate,Manufacturing,BBB,16.84,4.57,13.91,0,1.45,1.61,Machinery,29.64,0.025,0.0346875,0.39798099762470307,19.125,Stage 1,0.264
L00133,C0005,SME,Manufacturing,BBB,23.14,10.78,13.52,5,3.18,5.85,Real Estate,26.12,0.025,0.02604166666666667,0.5242437337942957,28.53,Stage 1,0.389
L00134,C0041,SME,Real Estate,BBB,29.53,2.25,7.75,0,2.43,5.69,Receivables,26.95,0.025,0.028562500000000005,0.5674737555028785,30.655,Stage 1,0.497
L00135,C0028,Corporate,Transport,AA,20.99,7.19,13.01,0,1.36,5.79,Real Estate,33.71,0.006,0.00846,0.4287994282991901,24.584999999999997,Stage 1,0.089
L00136,C0135,Corporate,Construction,BBB,18.78,1.67,10.38,35,1.4,3.3,Real Estate,27.4,0.025,0.04520833333333333,0.4582002129925453,19.615000000000002,Stage 2,0.406
L00137,C0201,SME,Manufacturing,AA,15.83,16.06,13.62,0,3.17,7.45,Unsecured,0.0,0.006,0.006,0.65,23.86,Stage 1,0.093
L00138,C0072,Corporate,Retail,BBB,1.29,6.35,11.97,0,0.54,8.2,Machinery,2.16,0.025,0.040375,0.41511627906976745,4.465,Stage 1,0.075
L00139,C0012,Retail,Consumer Finance,BB,11.01,12.28,13.34,0,1.47,2.63,Receivables,15.71,0.055,0.07603750000000001,0.46462306993642144,17.15,Stage 1,0.606
L00140,C0162,SME,Consumer Finance,BBB,6.96,5.87,11.0,0,2.16,1.66,Machinery,6.55,0.025,0.03025,0.5617816091954023,9.895,Stage 1,0.168
L00141,C0033,Corporate,Construction,BB,31.42,4.82,11.25,5,0.94,2.46,Real Estate,45.01,0.055,0.08679687500000002,0.46349458943348193,33.83,Stage 1,1.361
L00142,C0048,Corporate,Transport,AA,20.77,6.39,8.51,0,0.78,7.15,Inventory,20.08,0.006,0.00933,0.5566441983630237,23.965,Stage 1,0.124
L00143,C0151,Retail,Transport,BB,9.77,3.34,12.99,0,2.95,6.07,Real Estate,14.76,0.055,0.0556875,0.44785056294779946,11.44,Stage 1,0.285
L00144,C0062,Corporate,Energy,BBB,10.48,1.18,10.44,0,3.18,5.77,Real Estate,14.08,0.025,0.025,0.48129770992366416,11.07,Stage 1,0.133
L00145,C0216,Corporate,Technology,BBB,10.22,5.02,11.0,0,2.97,4.01,Real Estate,7.08,0.025,0.025187499999999998,0.6114481409001957,12.73,Stage 1,0.196
L00146,C0037,Retail,Manufacturing,B,10.09,2.16,13.0,0,3.2,5.33,Receivables,12.26,0.12,0.12,0.5069871159563926,11.17,Stage 1,0.68
L00147,C0099,Retail,Transport,AAA,4.9,1.7,11.69,5,2.16,3.31,Unsecured,0.0,0.003,0.0037812500000000003,0.65,5.75,Stage 1,0.014
L00148,C0172,Retail,Retail,BBB,4.21,5.73,8.91,0,2.94,4.58,Cash,4.19,0.025,0.025375000000000005,0.5509501187648457,7.075,Stage 1,0.099
L00149,C0104,SME,Construction,BB,13.74,3.02,11.63,0,1.65,6.95,Machinery,18.17,0.055,0.07356249999999999,0.48551673944687046,15.25,Stage 1,0.545
L00150,C0214,Corporate,Energy,BBB,28.58,7.53,10.35,0,2.5,8.36,Real Estate,28.2,0.025,0.028125,0.5526592022393282,32.345,Stage 1,0.503
L00151,C0219,Corporate,Agriculture,A,9.24,2.11,10.79,10,3.47,7.99,Machinery,14.16,0.012,0.013,0.4435064935064935,10.295,Stage 1,0.059
L00152,C0035,SME,Real Estate,A,16.65,2.64,7.7,35,1.18,8.0,Unsecured,0.0,0.012,0.0225525,0.65,17.97,Stage 2,0.263
L00153,C0193,SME,Agriculture,B,22.51,8.21,8.97,150,1.67,4.02,Real Estate,31.34,0.12,0.35977499999999996,0.471545979564638,26.615000000000002,Stage 3,4.515
L00154,C0101,Corporate,Consumer Finance,BBB,6.72,4.46,9.47,5,1.94,4.52,Cash,10.56,0.025,0.03294270833333334,0.4357142857142857,8.95,Stage 1,0.128
L00155,C0175,Retail,Real Estate,BBB,13.28,1.3,12.49,5,0.91,6.29,Real Estate,18.69,0.025,0.0396484375,0.4685240963855422,13.93,Stage 1,0.259
L00156,C0206,Corporate,Manufacturing,BBB,8.44,4.39,7.58,0,0.74,7.92,Cash,10.1,0.025,0.039125,0.5106635071090048,10.635,Stage 1,0.212
L00157,C0131,SME,Retail,BB,41.44,10.35,10.36,0,2.99,2.06,Unsecured,0.0,0.055,0.0551375,0.65,46.614999999999995,Stage 1,1.671
L00158,C0001,Corporate,Real Estate,A,40.19,2.62,13.97,0,3.43,3.28,Unsecured,0.0,0.012,0.012,0.65,41.5,Stage 1,0.324
L00159,C0005,SME,Technology,BBB,6.72,5.58,8.28,5,1.71,2.04,Real Estate,4.19,0.025,0.03444010416666667,0.625297619047619,9.51,Stage 1,0.205
L00160,C0218,Corporate,Agriculture,BBB,17.64,2.02,11.11,35,0.76,5.59,Real Estate,19.73,0.025,0.05037500000000001,0.5263038548752835,18.650000000000002,Stage 2,0.494
L00161,C0142,Corporate,Manufacturing,B,28.43,3.33,13.01,0,0.7,3.3,Real Estate,18.18,0.12,0.189,0.6221069293000352,30.095,Stage 1,3.539
L00162,C0103,Corporate,Technology,A,24.38,7.87,14.1,35,3.17,3.45,Real Estate,42.54,0.012,0.015500000000000002,0.40102543068088603,28.314999999999998,Stage 2,0.176
L00163,C0027,SME,Consumer Finance,BBB,14.25,4.28,12.73,0,1.89,1.53,Real Estate,12.14,0.025,0.0319375,0.5796140350877194,16.39,Stage 1,0.303
L00164,C0137,SME,Technology,BBB,33.6,9.05,12.54,0,1.46,3.62,Machinery,51.97,0.025,0.034625,0.44065476190476194,38.125,Stage 1,0.582
L00165,C0207,SME,Energy,BB,7.15,4.94,13.29,0,1.93,7.47,Machinery,10.94,0.055,0.06971250000000001,0.44398601398601406,9.620000000000001,Stage 1,0.298
L00166,C0015,Retail,Energy,BBB,10.89,17.34,10.62,0,1.45,2.75,Inventory,9.38,0.025,0.0346875,0.5777318640955005,19.560000000000002,Stage 1,0.392
L00167,C0090,Corporate,Construction,BBB,7.28,1.23,13.14,0,1.97,6.21,Inventory,9.8,0.025,0.0314375,0.4807692307692308,7.8950000000000005,Stage 1,0.119
L00168,C0042,Corporate,Manufacturing,BB,23.28,3.15,7.56,0,3.08,5.72,Real Estate,15.31,0.055,0.055,0.6184707903780069,24.855,Stage 1,0.845
L00169,C0124,Retail,Consumer Finance,BB,8.95,1.72,13.97,0,2.28,7.48,Cash,10.56,0.055,0.06490000000000001,0.5140223463687151,9.809999999999999,Stage 1,0.327
L00170,C0205,Corporate,Transport,BBB,11.94,1.8,10.6,0,2.58,1.99,Real Estate,7.37,0.025,0.027625,0.6265494137353435,12.84,Stage 1,0.222
L00171,C0179,Retail,Energy,B,20.75,1.81,11.37,10,1.59,8.33,Machinery,35.39,0.12,0.17582499999999998,0.4088915662650603,21.655,Stage 1,1.557
L00172,C0063,Corporate,Manufacturing,BBB,21.95,4.13,9.28,10,2.72,5.37,Machinery,38.88,0.025,0.02897916666666666,0.39574031890660594,24.015,Stage 1,0.275
L00173,C0096,Retail,Transport,BBB,7.13,4.3,12.7,35,2.5,8.47,Unsecured,0.0,0.025,0.036328125,0.65,9.28,Stage 2,0.219
L00174,C0052,Corporate,Construction,AA,28.21,4.95,8.04,0,0.86,7.84,Real Estate,23.97,0.006,0.00921,0.5800602623183269,30.685000000000002,Stage 1,0.164
L00175,C0096,Retail,Technology,CCC,18.52,1.67,13.61,0,2.22,2.66,Machinery,27.86,0.28,0.3346,0.4491360691144709,19.355,Stage 1,2.909
L00176,C0132,SME,Energy,A,6.31,2.92,13.3,0,1.27,1.42,Inventory,5.7,0.012,0.01719,0.5693343898573693,7.77,Stage 1,0.076
L00177,C0151,Retail,Manufacturing,A,5.32,1.87,9.01,0,2.91,2.92,Real Estate,8.91,0.012,0.01227,0.4150375939849624,6.255000000000001,Stage 1,0.032
L00178,C0143,Corporate,Real Estate,AA,13.32,7.06,13.17,0,1.78,4.96,Inventory,17.17,0.006,0.00783,0.49219219219219223,16.85,Stage 1,0.065
L00179,C0171,SME,Transport,BB,24.41,2.0,13.0,0,3.48,2.29,Unsecured,0.0,0.055,0.055,0.65,25.41,Stage 1,0.908
L00180,C0029,Retail,Technology,A,24.85,3.16,11.93,0,0.78,2.26,Cash,39.74,0.012,0.01866,0.43016096579476865,26.43,Stage 1,0.212
L00181,C0036,SME,Energy,A,17.28,5.43,10.11,0,2.84,4.47,Real Estate,20.6,0.012,0.012480000000000002,0.5115740740740742,19.995,Stage 1,0.128
L00182,C0013,SME,Consumer Finance,AA,13.93,2.38,9.4,0,2.52,1.25,Real Estate,23.6,0.006,0.006720000000000001,0.4111629576453697,15.12,Stage 1,0.042
L00183,C0160,SME,Transport,AA,19.26,5.96,9.12,0,2.8,1.91,Real Estate,33.0,0.006,0.0063,0.4073208722741434,22.240000000000002,Stage 1,0.057
L00184,C0071,SME,Energy,BBB,7.4,11.22,9.73,0,1.42,4.12,Real Estate,5.91,0.025,0.034875,0.5902702702702703,13.010000000000002,Stage 1,0.268
L00185,C0187,SME,Transport,BB,43.86,4.19,13.82,0,1.98,1.47,Real Estate,26.44,0.055,0.06902499999999999,0.6294345645234839,45.955,Stage 1,1.997
L00186,C0086,SME,Technology,BBB,43.46,6.9,8.04,0,2.89,3.98,Real Estate,77.39,0.025,0.0256875,0.3938564196962725,46.910000000000004,Stage 1,0.475
L00187,C0028,Retail,Energy,BBB,18.18,0.86,13.3,0,1.2,4.56,Cash,30.68,0.025,0.03625,0.4124862486248625,18.61,Stage 1,0.278
L00188,C0066,Corporate,Agriculture,BB,15.46,2.72,9.94,0,1.18,4.38,Unsecured,0.0,0.055,0.080025,0.65,16.82,Stage 1,0.875
L00189,C0170,Corporate,Manufacturing,AAA,10.09,4.18,11.15,0,2.15,7.52,Real Estate,16.14,0.003,0.0036374999999999997,0.4300792864222002,12.18,Stage 1,0.019
L00190,C0045,Retail,Technology,BBB,19.49,1.76,13.06,0,2.07,4.98,Real Estate,22.4,0.025,0.0308125,0.5201385325808108,20.369999999999997,Stage 1,0.326
L00191,C0062,Retail,Transport,CCC,8.3,4.24,13.69,0,1.35,4.51,Machinery,7.56,0.28,0.3955000000000001,0.5678313253012048,10.420000000000002,Stage 1,2.34
L00192,C0185,SME,Consumer Finance,BBB,2.84,7.71,9.91,0,1.39,4.08,Real Estate,4.7,0.025,0.0350625,0.41901408450704225,6.695,Stage 1,0.098
L00193,C0134,SME,Real Estate,A,2.01,0.98,10.73,0,1.33,7.13,Inventory,1.68,0.012,0.01701,0.5828358208955224,2.5,Stage 1,0.025
L00194,C0028,Corporate,Transport,BBB,7.69,1.6,10.4,35,2.81,7.71,Inventory,13.36,0.025,0.03382552083333333,0.4025357607282185,8.49,Stage 2,0.116
L00195,C0028,Corporate,Manufacturing,BBB,15.02,4.18,7.59,0,2.46,7.4,Unsecured,0.0,0.025,0.028375,0.65,17.11,Stage 1,0.316
L00196,C0108,SME,Energy,BBB,16.99,5.06,9.57,0,3.0,6.05,Receivables,22.71,0.025,0.025,0.4826662742789877,19.52,Stage 1,0.236
L00197,C0044,Corporate,Real Estate,A,9.58,6.15,10.71,0,3.43,2.03,Machinery,8.31,0.012,0.012,0.5765135699373696,12.655000000000001,Stage 1,0.088
L00198,C0084,SME,Retail,A,14.87,3.97,10.38,0,1.92,3.08,Receivables,18.66,0.012,0.01524,0.49902488231338266,16.855,Stage 1,0.128
L00199,C0030,Corporate,Transport,A,11.11,5.07,12.55,0,0.7,1.35,Real Estate,15.78,0.012,0.0189,0.465931593159316,13.645,Stage 1,0.12
L00200,C0190,Retail,Construction,B,6.69,6.91,10.19,0,0.64,7.98,Inventory,5.54,0.12,0.1908,0.5843796711509717,10.145,Stage 1,1.131
L00201,C0075,Retail,Retail,BB,12.97,2.75,10.93,5,1.39,5.96,Machinery,15.89,0.055,0.08035156250000001,0.5049730146491904,14.345,Stage 1,0.582
L00202,C0128,SME,Transport,A,23.79,2.4,10.51,0,3.3,6.6,Real Estate,27.66,0.012,0.012,0.5174653215636822,24.99,Stage 1,0.155
L00203,C0092,SME,Agriculture,A,6.9,3.26,12.68,0,2.07,3.34,Real Estate,4.73,0.012,0.01479,0.6128985507246377,8.530000000000001,Stage 1,0.077
L00204,C0217,Corporate,Construction,BB,6.91,4.22,13.54,0,1.32,7.34,Real Estate,10.93,0.055,0.0781,0.43364688856729383,9.02,Stage 1,0.305
L00205,C0190,Retail,Real Estate,A,6.37,2.31,11.22,10,1.7,2.95,Unsecured,0.0,0.012,0.017225,0.65,7.525,Stage 1,0.084
L00206,C0129,SME,Consumer Finance,A,3.47,2.79,13.03,0,2.3,1.01,Real Estate,4.47,0.012,0.014100000000000001,0.49236311239193087,4.865,Stage 1,0.034
L00207,C0121,Corporate,Agriculture,CCC,9.62,4.85,9.58,150,2.46,3.82,Real Estate,11.71,0.28,0.7150500000000001,0.5065488565488565,12.044999999999998,Stage 3,4.363
L00208,C0027,Retail,Retail,A,22.19,4.1,11.29,0,0.96,5.28,Real Estate,26.98,0.012,0.01812,0.506827399729608,24.240000000000002,Stage 1,0.223
L00209,C0190,Retail,Energy,BB,15.21,3.22,9.92,95,3.43,4.59,Receivables,11.08,0.055,0.09854166666666665,0.6043063773833005,16.82,Stage 3,1.002
L00210,C0121,Retail,Manufacturing,CCC,11.96,1.08,10.4,35,2.13,7.47,Real Estate,13.25,0.28,0.4403291666666667,0.528428093645485,12.5,Stage 2,2.909
L00211,C0116,SME,Consumer Finance,BBB,14.74,3.66,12.63,0,0.91,1.79,Cash,16.85,0.025,0.0380625,0.521370420624152,16.57,Stage 1,0.329
L00212,C0205,SME,Agriculture,AAA,9.56,1.86,13.67,0,3.18,5.15,Unsecured,0.0,0.003,0.003,0.65,10.49,Stage 1,0.02
L00213,C0003,Corporate,Energy,A,3.44,7.3,8.35,0,0.72,4.85,Inventory,5.53,0.012,0.018840000000000003,0.42848837209302326,7.09,Stage 1,0.057
L00214,C0103,Retail,Energy,B,23.3,2.96,11.94,0,3.22,3.11,Receivables,29.22,0.12,0.12,0.49918454935622325,24.78,Stage 1,1.484
L00215,C0198,Retail,Transport,B,28.5,1.83,11.58,0,3.49,7.17,Real Estate,20.07,0.12,0.12,0.6091578947368421,29.415,Stage 1,2.15
L00216,C0200,Corporate,Agriculture,BB,8.09,3.51,8.33,0,2.6,6.65,Real Estate,7.15,0.055,0.060500000000000005,0.573238566131026,9.844999999999999,Stage 1,0.341
L00217,C0155,Corporate,Real Estate,A,12.11,8.93,8.98,0,2.81,6.5,Unsecured,0.0,0.012,0.01257,0.65,16.575,Stage 1,0.135
L00218,C0137,Corporate,Construction,BB,11.41,5.71,9.68,0,1.51,7.57,Real Estate,8.55,0.055,0.0754875,0.6001314636283962,14.265,Stage 1,0.646
L00219,C0062,Retail,Construction,B,17.22,4.28,8.67,35,3.32,6.42,Real Estate,17.89,0.12,0.155,0.5422183507549362,19.36,Stage 2,1.627
L00220,C0165,Retail,Retail,BB,43.94,1.45,9.21,0,2.09,2.74,Inventory,38.46,0.055,0.0675125,0.5749431042330451,44.665,Stage 1,1.734
L00221,C0051,Corporate,Retail,B,30.32,11.42,9.37,0,2.7,6.29,Real Estate,26.13,0.12,0.129,0.5776385224274407,36.03,Stage 1,2.685
L00222,C0172,SME,Construction,B,10.34,2.37,9.85,0,3.27,3.31,Unsecured,0.0,0.12,0.12,0.65,11.525,Stage 1,0.899
L00223,C0152,Corporate,Real Estate,BB,19.68,7.05,12.75,20,3.43,2.82,Real Estate,12.23,0.055,0.06416666666666668,0.6257113821138212,23.205,Stage 1,0.932
L00224,C0207,Retail,Manufacturing,BBB,32.4,2.92,11.5,0,3.0,1.55,Unsecured,0.0,0.025,0.025,0.65,33.86,Stage 1,0.55
L00225,C0059,Retail,Technology,BBB,17.92,6.59,14.4,0,1.41,6.58,Machinery,14.45,0.025,0.0349375,0.5887276785714286,21.215000000000003,Stage 1,0.436
L00226,C0118,Retail,Manufacturing,A,13.42,9.16,10.4,0,3.4,6.33,Receivables,14.99,0.012,0.012,0.5266020864381521,18.0,Stage 1,0.114
L00227,C0160,SME,Transport,BB,18.4,5.78,12.78,0,2.38,2.76,Real Estate,22.31,0.055,0.063525,0.5075000000000001,21.29,Stage 1,0.686
L00228,C0096,Corporate,Technology,BBB,8.23,6.23,13.6,0,3.29,6.62,Machinery,6.33,0.025,0.025,0.596172539489672,11.345,Stage 1,0.169
L00229,C0216,Corporate,Technology,B,9.11,3.42,12.25,35,2.53,7.88,Unsecured,0.0,0.12,0.17321250000000005,0.65,10.82,Stage 2,1.218
L00230,C0180,Corporate,Agriculture,CCC,6.39,2.71,10.38,5,1.42,1.81,Machinery,6.45,0.28,0.4068750000000001,0.5481220657276995,7.744999999999999,Stage 1,1.727
L00231,C0113,Retail,Real Estate,BB,16.69,4.04,12.78,0,1.61,2.74,Real Estate,13.69,0.055,0.0741125,0.5859496704613542,18.71,Stage 1,0.813
L00232,C0062,Retail,Real Estate,AA,12.28,2.89,8.93,10,2.15,6.63,Machinery,7.47,0.006,0.00788125,0.6283387622149837,13.725,Stage 1,0.068
L00233,C0186,Retail,Technology,BBB,7.57,20.64,9.79,0,2.87,3.06,Receivables,8.78,0.025,0.025812500000000002,0.5180317040951123,17.89,Stage 1,0.239
L00234,C0052,Retail,Agriculture,AA,12.0,1.83,11.33,0,1.45,5.68,Machinery,17.07,0.006,0.008324999999999999,0.4655,12.915,Stage 1,0.05
L00235,C0012,SME,Technology,BB,18.71,7.4,11.53,10,2.24,1.61,Unsecured,0.0,0.055,0.07090416666666666,0.65,22.41,Stage 1,1.033
L00236,C0039,SME,Consumer Finance,BB,51.43,5.27,7.65,0,1.54,4.39,Real Estate,38.99,0.055,0.075075,0.5983764339879448,54.065,Stage 1,2.429
L00237,C0130,Retail,Retail,B,27.34,4.31,14.12,5,2.95,6.54,Machinery,45.51,0.12,0.1265625,0.41708119970738844,29.495,Stage 1,1.557
L00238,C0131,Retail,Retail,BBB,2.72,10.34,12.38,0,1.9,6.15,Receivables,2.53,0.025,0.031875,0.5639705882352942,7.890000000000001,Stage 1,0.142
L00239,C0113,Corporate,Manufacturing,B,15.92,4.52,10.97,0,0.73,7.11,Receivables,13.82,0.12,0.1881,0.5763819095477387,18.18,Stage 1,1.971
L00240,C0101,SME,Transport,B,36.62,2.35,14.03,0,1.0,7.58,Unsecured,0.0,0.12,0.18,0.65,37.794999999999995,Stage 1,4.422
L00241,C0113,Corporate,Retail,BBB,5.28,4.5,10.57,0,0.68,6.8,Cash,8.35,0.025,0.03950000000000001,0.43371212121212127,7.53,Stage 1,0.129
L00242,C0184,Retail,Energy,B,19.81,3.23,14.36,0,2.0,6.04,Machinery,22.54,0.12,0.15,0.5224381625441696,21.424999999999997,Stage 1,1.679
L00243,C0081,SME,Manufacturing,BBB,11.41,5.22,11.09,35,0.82,1.24,Real Estate,13.54,0.025,0.049890625,0.5126643295354952,14.02,Stage 2,0.359
L00244,C0187,Corporate,Retail,BBB,30.12,6.48,8.3,0,0.84,5.01,Real Estate,25.94,0.025,0.038500000000000006,0.5777556440903054,33.36,Stage 1,0.742
L00245,C0113,SME,Transport,BB,17.87,2.01,12.85,10,3.32,1.28,Receivables,12.4,0.055,0.05958333333333333,0.6112199216564075,18.875,Stage 1,0.687
L00246,C0002,SME,Real Estate,BBB,7.25,8.47,12.25,10,3.12,7.06,Unsecured,0.0,0.025,0.027083333333333334,0.65,11.485,Stage 1,0.202
L00247,C0130,Corporate,Real Estate,BB,11.7,3.07,12.91,0,1.86,3.41,Real Estate,8.4,0.055,0.070675,0.6064102564102565,13.235,Stage 1,0.567
L00248,C0054,Corporate,Technology,BB,12.19,5.01,14.16,0,3.46,5.22,Real Estate,13.89,0.055,0.055,0.5221082854799016,14.695,Stage 1,0.422
L00249,C0087,SME,Consumer Finance,BBB,12.35,5.65,12.94,0,0.5,3.1,Real Estate,21.35,0.025,0.040625,0.404251012145749,15.175,Stage 1,0.249
L00250,C0129,SME,Real Estate,BBB,29.47,4.75,11.78,0,2.34,6.87,Unsecured,0.0,0.025,0.029125,0.65,31.845,Stage 1,0.603
L00251,C0147,SME,Agriculture,BBB,7.46,3.4,13.5,60,2.35,7.65,Real Estate,6.62,0.025,0.04359375000000001,0.5725201072386059,9.16,Stage 2,0.229
L00252,C0126,SME,Retail,BB,27.17,2.61,12.21,0,1.87,3.99,Machinery,36.65,0.055,0.0705375,0.4802171512697829,28.475,Stage 1,0.965
L00253,C0130,Retail,Agriculture,BBB,10.9,3.04,10.36,0,1.69,7.47,Machinery,12.74,0.025,0.0331875,0.5162385321100917,12.42,Stage 1,0.213
L00254,C0053,SME,Transport,BBB,15.74,10.98,13.7,0,1.87,3.0,Unsecured,0.0,0.025,0.0320625,0.65,21.23,Stage 1,0.442
L00255,C0172,SME,Real Estate,AAA,14.16,2.0,9.05,0,1.74,5.01,Receivables,13.11,0.003,0.003945,0.5648305084745763,15.16,Stage 1,0.034
L00256,C0218,Retail,Consumer Finance,BBB,13.26,2.22,12.5,0,2.69,7.44,Inventory,8.01,0.025,0.026937500000000003,0.629185520361991,14.37,Stage 1,0.244
L00257,C0160,Corporate,Transport,A,13.34,2.15,13.67,0,0.91,3.44,Real Estate,10.61,0.012,0.01827,0.5909295352323839,14.415,Stage 1,0.156
L00258,C0198,Corporate,Energy,BB,37.34,4.04,12.62,0,1.09,8.16,Machinery,38.07,0.055,0.0812625,0.5460899839314408,39.36000000000001,Stage 1,1.747
L00259,C0160,Corporate,Energy,BB,24.28,1.26,12.38,0,1.04,1.91,Receivables,23.77,0.055,0.08195,0.5542009884678748,24.91,Stage 1,1.131
L00260,C0068,SME,Agriculture,BBB,10.44,1.42,12.77,0,1.29,1.14,Cash,16.18,0.025,0.035687500000000004,0.4400383141762453,11.149999999999999,Stage 1,0.175
L00261,C0183,SME,Technology,BBB,40.77,3.06,10.76,0,2.08,7.78,Real Estate,57.76,0.025,0.03075,0.46665440274711806,42.300000000000004,Stage 1,0.607
L00262,C0203,SME,Manufacturing,CCC,16.32,1.49,13.62,0,0.83,1.51,Real Estate,15.66,0.28,0.43190000000000006,0.5580882352941177,17.065,Stage 1,4.113
L00263,C0184,Corporate,Technology,B,17.29,1.58,8.92,20,3.1,8.44,Real Estate,19.87,0.12,0.14,0.5201561596298439,18.08,Stage 1,1.317
L00264,C0123,Corporate,Technology,B,7.49,1.5,8.39,0,1.39,8.14,Real Estate,5.35,0.12,0.1683,0.6071428571428572,8.24,Stage 1,0.842
L00265,C0145,Corporate,Consumer Finance,BB,9.5,2.03,9.5,0,0.99,2.03,Unsecured,0.0,0.055,0.0826375,0.65,10.515,Stage 1,0.565
L00266,C0038,Corporate,Real Estate,AA,8.31,6.12,11.22,0,2.53,5.03,Real Estate,14.31,0.006,0.006705000000000001,0.4055956678700361,11.370000000000001,Stage 1,0.031
L00267,C0024,SME,Consumer Finance,A,14.3,7.16,11.07,0,0.61,2.39,Machinery,25.39,0.012,0.01917,0.39489510489510493,17.880000000000003,Stage 1,0.135
L00268,C0069,Corporate,Transport,BBB,21.06,14.06,13.24,35,2.36,4.21,Real Estate,34.59,0.025,0.037458333333333343,0.4215099715099715,28.09,Stage 2,0.444
L00269,C0116,Corporate,Energy,A,17.41,13.7,10.33,0,2.59,1.46,Real Estate,14.08,0.012,0.01323,0.5882538770821367,24.259999999999998,Stage 1,0.189
L00270,C0098,Retail,Consumer Finance,BBB,40.92,6.36,10.89,0,1.14,2.68,Machinery,26.82,0.025,0.036625000000000005,0.6189149560117303,44.1,Stage 1,1.0
L00271,C0198,Corporate,Transport,BBB,7.23,7.53,7.59,5,0.63,3.72,Real Estate,9.37,0.025,0.04147135416666667,0.4908022130013832,10.995000000000001,Stage 1,0.224
L00272,C0214,SME,Consumer Finance,BBB,14.59,4.02,10.37,0,1.59,4.29,Real Estate,24.73,0.025,0.0338125,0.4110006854009596,16.6,Stage 1,0.231
L00273,C0139,SME,Technology,BB,5.48,5.28,12.03,0,0.8,8.33,Receivables,4.45,0.055,0.08525,0.5875912408759124,8.120000000000001,Stage 1,0.407
L00274,C0144,Corporate,Retail,BB,7.06,14.3,7.61,0,0.85,7.06,Machinery,4.3,0.055,0.0845625,0.628186968838527,14.21,Stage 1,0.755
L00275,C0097,SME,Agriculture,BBB,32.63,4.76,9.47,0,1.26,6.53,Real Estate,51.12,0.025,0.035875000000000004,0.4366687097762796,35.010000000000005,Stage 1,0.548
L00276,C0201,Retail,Manufacturing,B,9.74,8.23,8.96,0,1.39,5.03,Cash,6.74,0.12,0.1683,0.6116016427104723,13.855,Stage 1,1.426
L00277,C0124,Retail,Consumer Finance,BBB,7.67,1.91,7.79,0,2.09,7.3,Inventory,8.41,0.025,0.030687500000000003,0.530704041720991,8.625,Stage 1,0.14
L00278,C0187,Corporate,Manufacturing,B,3.03,2.3,10.85,20,2.54,3.54,Receivables,4.29,0.12,0.15610000000000002,0.46683168316831686,4.18,Stage 1,0.305
L00279,C0070,Retail,Construction,AA,7.62,4.57,8.77,5,2.28,6.32,Real Estate,6.74,0.006,0.007375000000000002,0.5730971128608924,9.905000000000001,Stage 1,0.042
L00280,C0208,SME,Consumer Finance,CCC,11.66,4.08,12.7,0,0.95,8.45,Real Estate,8.17,0.28,0.42350000000000004,0.6098627787307033,13.7,Stage 1,3.538
L00281,C0093,Corporate,Retail,BB,5.21,2.38,13.44,0,1.02,3.36,Real Estate,7.94,0.055,0.082225,0.4452015355086373,6.4,Stage 1,0.234
L00282,C0003,SME,Manufacturing,BBB,11.2,19.79,11.32,10,3.14,6.06,Real Estate,15.19,0.025,0.027083333333333334,0.47875000000000006,21.095,Stage 1,0.274
L00283,C0148,Retail,Consumer Finance,A,32.77,4.14,14.37,0,2.18,7.33,Machinery,58.53,0.012,0.01446,0.39278303326213004,34.84,Stage 1,0.198
L00284,C0187,SME,Real Estate,BBB,8.21,2.69,10.65,20,3.11,7.87,Unsecured,0.0,0.025,0.02916666666666667,0.65,9.555000000000001,Stage 1,0.181
L00285,C0164,Corporate,Agriculture,A,6.96,4.08,11.09,5,1.61,6.38,Machinery,4.69,0.012,0.01684375,0.6152298850574713,9.0,Stage 1,0.093
L00286,C0147,SME,Retail,A,6.13,3.74,14.42,0,2.34,3.13,Real Estate,9.08,0.012,0.013980000000000001,0.4537520391517129,8.0,Stage 1,0.051
L00287,C0090,Corporate,Manufacturing,BB,6.05,4.18,9.12,0,2.07,3.45,Inventory,7.42,0.055,0.0677875,0.5047107438016529,8.14,Stage 1,0.278
L00288,C0195,Corporate,Retail,BBB,19.59,1.2,14.1,0,1.46,1.16,Real Estate,16.77,0.025,0.034625,0.5787901990811639,20.19,Stage 1,0.405
L00289,C0147,Corporate,Transport,BB,13.93,9.06,7.8,0,1.91,6.71,Inventory,21.43,0.055,0.0699875,0.4423187365398421,18.46,Stage 1,0.571
L00290,C0148,Corporate,Agriculture,B,26.31,9.43,10.62,5,2.01,1.32,Inventory,22.22,0.12,0.1559375,0.5810908399847967,31.025,Stage 1,2.811
L00291,C0096,Corporate,Consumer Finance,BBB,55.36,10.27,7.99,0,1.1,7.48,Unsecured,0.0,0.025,0.036875000000000005,0.65,60.495,Stage 1,1.45
L00292,C0199,Corporate,Consumer Finance,BBB,3.74,4.61,12.6,5,1.45,1.89,Cash,2.66,0.025,0.03613281250000001,0.6077540106951872,6.045,Stage 1,0.133
L00293,C0052,SME,Consumer Finance,AA,17.57,5.83,11.76,0,2.87,2.29,Real Estate,18.96,0.006,0.006195,0.5341775754126352,20.485,Stage 1,0.068
L00294,C0161,Corporate,Agriculture,BB,6.15,2.0,12.45,0,3.25,4.57,Machinery,6.78,0.055,0.055,0.5295121951219512,7.15,Stage 1,0.208
L00295,C0168,Corporate,Real Estate,BBB,23.39,6.57,10.12,0,1.58,6.53,Unsecured,0.0,0.025,0.033875,0.65,26.675,Stage 1,0.587
L00296,C0128,Retail,Construction,CCC,11.13,4.38,10.09,0,1.42,2.04,Unsecured,0.0,0.28,0.39060000000000006,0.65,13.32,Stage 1,3.382
L00297,C0039,SME,Energy,B,13.72,2.66,7.82,0,1.09,4.3,Machinery,23.15,0.12,0.17729999999999999,0.4125364431486881,15.05,Stage 1,1.101
L00298,C0082,SME,Technology,BBB,5.48,6.72,9.95,0,2.54,4.62,Unsecured,0.0,0.025,0.027875,0.65,8.84,Stage 1,0.16
L00299,C0104,Corporate,Manufacturing,A,9.99,6.91,14.01,95,1.47,2.59,Real Estate,6.65,0.012,0.02972375,0.6168668668668669,13.445,Stage 3,0.247
L00300,C0129,Corporate,Real Estate,B,14.34,3.83,10.15,0,3.46,1.87,Unsecured,0.0,0.12,0.12,0.65,16.255,Stage 1,1.268
L00301,C0011,Corporate,Manufacturing,BB,34.79,4.99,13.32,0,1.48,7.27,Real Estate,26.87,0.055,0.0759,0.5955303248059788,37.285,Stage 1,1.685
L00302,C0185,Corporate,Consumer Finance,A,7.72,1.78,13.4,0,1.68,4.77,Machinery,10.73,0.012,0.015960000000000002,0.47202072538860107,8.61,Stage 1,0.065
L00303,C0217,Corporate,Retail,BBB,9.16,8.76,10.11,20,2.31,1.11,Unsecured,0.0,0.025,0.03419791666666667,0.65,13.54,Stage 1,0.301
L00304,C0178,Corporate,Manufacturing,BB,26.08,1.96,11.92,0,2.91,7.02,Real Estate,40.26,0.055,0.056237499999999996,0.4412576687116565,27.06,Stage 1,0.672
L00305,C0151,Corporate,Consumer Finance,A,7.38,2.24,8.17,0,1.91,8.36,Machinery,6.59,0.012,0.01527,0.571409214092141,8.5,Stage 1,0.074
L00306,C0159,Corporate,Manufacturing,B,29.95,3.83,8.23,20,1.77,5.54,Real Estate,28.96,0.12,0.18305000000000002,0.5566110183639399,31.865,Stage 1,3.247
L00307,C0042,SME,Retail,BBB,13.38,8.01,7.84,5,3.49,4.78,Cash,15.79,0.025,0.02604166666666667,0.5139760837070255,17.385,Stage 1,0.233
L00308,C0099,Corporate,Consumer Finance,AA,16.65,8.0,11.57,0,0.53,7.59,Unsecured,0.0,0.006,0.009705,0.65,20.65,Stage 1,0.13
L00309,C0007,Corporate,Construction,BB,17.41,3.66,10.48,0,3.19,8.14,Receivables,23.21,0.055,0.055,0.4833716255025847,19.240000000000002,Stage 1,0.512
L00310,C0144,SME,Real Estate,BBB,8.75,6.3,11.34,0,0.95,6.66,Inventory,15.58,0.025,0.0378125,0.39388571428571434,11.9,Stage 1,0.177
L00311,C0090,SME,Transport,BBB,17.69,1.12,11.15,0,2.86,4.34,Unsecured,0.0,0.025,0.025875000000000006,0.65,18.25,Stage 1,0.307
L00312,C0112,Corporate,Technology,A,7.84,2.22,9.95,10,2.35,5.44,Real Estate,11.79,0.012,0.0151125,0.44923469387755105,8.95,Stage 1,0.061
L00313,C0060,SME,Agriculture,AAA,9.47,2.25,12.24,0,1.53,6.26,Machinery,11.36,0.003,0.0041025,0.5100844772967266,10.595,Stage 1,0.022
L00314,C0113,SME,Technology,BB,19.91,8.82,12.81,35,3.12,2.46,Receivables,15.0,0.055,0.07104166666666667,0.5993219487694627,24.32,Stage 2,1.035
L00315,C0002,Corporate,Technology,BBB,16.53,5.8,7.6,0,0.54,4.35,Real Estate,21.47,0.025,0.040375,0.49022988505747134,19.43,Stage 1,0.385
L00316,C0129,Retail,Consumer Finance,BB,12.78,4.18,8.95,0,1.18,7.22,Real Estate,12.27,0.055,0.080025,0.5579812206572771,14.87,Stage 1,0.664
L00317,C0048,Retail,Construction,BB,5.58,4.47,12.49,0,2.2,5.91,Real Estate,3.58,0.055,0.066,0.6216845878136201,7.8149999999999995,Stage 1,0.321
L00318,C0140,Corporate,Transport,BB,6.64,11.0,10.21,0,1.55,4.08,Real Estate,9.04,0.055,0.0749375,0.47771084337349407,12.14,Stage 1,0.435
L00319,C0197,Corporate,Real Estate,A,16.34,3.26,12.14,5,2.33,5.98,Unsecured,0.0,0.012,0.01459375,0.65,17.97,Stage 1,0.17
L00320,C0037,Retail,Real Estate,BBB,22.48,1.46,9.93,5,0.57,1.89,Machinery,22.79,0.025,0.041861979166666674,0.5472419928825624,23.21,Stage 1,0.532
L00321,C0160,SME,Retail,B,6.19,7.85,10.24,0,0.85,4.01,Receivables,6.61,0.12,0.1845,0.5364297253634895,10.115,Stage 1,1.001
L00322,C0009,Corporate,Agriculture,BB,7.48,4.17,8.61,0,0.88,6.95,Real Estate,12.49,0.055,0.08415,0.4160427807486632,9.565000000000001,Stage 1,0.335
L00323,C0099,Corporate,Manufacturing,BBB,14.79,7.15,9.31,0,1.07,2.65,Real Estate,23.31,0.025,0.0370625,0.43478701825557814,18.365,Stage 1,0.296
L00324,C0147,Corporate,Construction,A,14.57,3.56,11.74,0,1.88,2.39,Real Estate,21.24,0.012,0.01536,0.45844200411805086,16.35,Stage 1,0.115
L00325,C0048,SME,Manufacturing,BBB,4.32,2.04,10.53,0,2.76,8.13,Unsecured,0.0,0.025,0.026500000000000003,0.65,5.34,Stage 1,0.092
L00326,C0208,SME,Transport,BB,15.08,4.86,12.92,0,3.22,2.57,Inventory,25.52,0.055,0.055,0.4115384615384616,17.51,Stage 1,0.396
L00327,C0131,Corporate,Technology,B,8.86,3.7,13.47,0,3.01,2.96,Unsecured,0.0,0.12,0.12,0.65,10.709999999999999,Stage 1,0.835
L00328,C0148,SME,Real Estate,BB,42.47,4.18,11.29,35,1.09,8.27,Receivables,57.42,0.055,0.10496406250000001,0.4795973628443607,44.56,Stage 2,2.243
L00329,C0152,SME,Transport,BB,16.03,11.38,12.81,0,1.82,6.51,Inventory,10.17,0.055,0.071225,0.6231129132875858,21.720000000000002,Stage 1,0.964
L00330,C0054,Corporate,Technology,BB,18.08,1.7,9.65,0,1.1,6.25,Inventory,24.81,0.055,0.081125,0.4755530973451328,18.93,Stage 1,0.73
L00331,C0120,Corporate,Real Estate,A,18.41,4.48,10.4,0,1.29,7.4,Unsecured,0.0,0.012,0.01713,0.65,20.65,Stage 1,0.23
L00332,C0161,SME,Technology,BBB,5.76,2.07,12.49,0,2.01,1.87,Unsecured,0.0,0.025,0.031187500000000003,0.65,6.795,Stage 1,0.138
L00333,C0152,Retail,Agriculture,A,52.49,0.6,10.2,0,0.7,6.29,Real Estate,53.24,0.012,0.0189,0.5471423128214898,52.79,Stage 1,0.546
L00334,C0116,SME,Construction,A,4.32,3.55,11.62,35,1.15,4.78,Machinery,3.49,0.012,0.02266875,0.588425925925926,6.095000000000001,Stage 2,0.081
L00335,C0075,SME,Transport,B,23.5,3.75,8.8,10,3.31,7.22,Receivables,31.64,0.12,0.12999999999999998,0.4807234042553192,25.375,Stage 1,1.586
L00336,C0113,Corporate,Transport,BBB,20.76,5.68,11.7,0,1.9,4.81,Receivables,34.43,0.025,0.031875,0.41830443159922936,23.6,Stage 1,0.315
L00337,C0200,Corporate,Energy,BBB,9.64,3.15,13.53,0,1.84,5.65,Real Estate,16.88,0.025,0.03225,0.39979253112033203,11.215,Stage 1,0.145
L00338,C0164,SME,Consumer Finance,A,21.47,1.29,13.58,0,0.54,4.58,Unsecured,0.0,0.012,0.01938,0.65,22.115,Stage 1,0.279
L00339,C0166,Corporate,Agriculture,BBB,10.78,2.06,12.57,5,1.24,4.59,Cash,15.75,0.025,0.0375,0.4577922077922078,11.809999999999999,Stage 1,0.203
L00340,C0104,Corporate,Agriculture,A,8.39,9.22,12.72,0,3.1,6.76,Real Estate,11.72,0.012,0.012,0.47061978545887967,13.0,Stage 1,0.073
L00341,C0084,Corporate,Manufacturing,A,18.7,2.04,11.41,0,0.99,5.71,Unsecured,0.0,0.012,0.01803,0.65,19.72,Stage 1,0.231
L00342,C0112,Corporate,Technology,BB,6.66,11.11,11.59,0,1.75,5.75,Real Estate,4.15,0.055,0.0721875,0.6253753753753755,12.215,Stage 1,0.551
L00343,C0217,Corporate,Consumer Finance,A,11.51,7.65,8.44,0,0.54,4.38,Real Estate,16.43,0.012,0.01938,0.4645091225021721,15.335,Stage 1,0.138
L00344,C0099,Corporate,Construction,BB,8.88,2.94,10.61,0,1.94,4.98,Real Estate,15.4,0.055,0.06957500000000001,0.40315315315315325,10.350000000000001,Stage 1,0.29
L00345,C0153,Corporate,Construction,AA,10.64,2.2,10.66,35,0.56,6.59,Real Estate,14.45,0.006,0.0124775,0.4783834586466166,11.74,Stage 2,0.07
L00346,C0093,Corporate,Agriculture,A,18.23,7.64,14.21,0,2.96,7.19,Unsecured,0.0,0.012,0.01212,0.65,22.05,Stage 1,0.174
L00347,C0146,Retail,Construction,BBB,8.88,3.1,10.52,0,2.97,6.22,Real Estate,10.92,0.025,0.025187499999999998,0.5040540540540541,10.430000000000001,Stage 1,0.132
L00348,C0128,SME,Energy,BB,11.77,1.24,11.35,0,2.86,7.93,Real Estate,9.88,0.055,0.05692500000000001,0.5821155480033985,12.389999999999999,Stage 1,0.411
L00349,C0110,SME,Transport,BB,9.47,5.44,11.23,20,1.35,7.15,Real Estate,14.21,0.055,0.09063541666666668,0.4498944033790919,12.190000000000001,Stage 1,0.497
L00350,C0082,SME,Retail,BBB,37.0,4.91,11.96,60,3.01,5.21,Real Estate,55.34,0.025,0.037500000000000006,0.4508648648648649,39.455,Stage 2,0.667
L00351,C0194,SME,Manufacturing,BBB,17.11,8.14,12.74,0,2.13,6.04,Real Estate,13.25,0.025,0.030437500000000003,0.5951198129748685,21.18,Stage 1,0.384
L00352,C0054,Corporate,Technology,BB,15.71,4.69,9.08,5,1.62,7.95,Receivables,25.98,0.055,0.07705729166666667,0.4192552514322089,18.055,Stage 1,0.583
L00353,C0163,SME,Technology,AAA,21.72,2.5,11.2,0,2.38,5.64,Real Estate,20.05,0.003,0.003465,0.565377532228361,22.97,Stage 1,0.045
L00354,C0208,SME,Real Estate,BBB,8.88,8.92,13.28,0,0.54,7.19,Unsecured,0.0,0.025,0.040375,0.65,13.34,Stage 1,0.35
L00355,C0189,SME,Retail,BB,24.57,9.55,10.74,0,0.93,6.17,Unsecured,0.0,0.055,0.08346250000000001,0.65,29.345,Stage 1,1.592
L00356,C0169,Corporate,Agriculture,BB,17.16,4.32,9.45,0,2.73,5.14,Real Estate,13.96,0.055,0.058712499999999994,0.5872960372960373,19.32,Stage 1,0.666
L00357,C0161,Corporate,Energy,BBB,4.51,3.83,12.08,0,1.23,2.81,Unsecured,0.0,0.025,0.0360625,0.65,6.425,Stage 1,0.151
L00358,C0068,Corporate,Transport,B,4.95,1.45,13.27,0,2.29,4.19,Real Estate,5.58,0.12,0.14129999999999998,0.5245454545454546,5.675,Stage 1,0.421
L00359,C0033,Corporate,Transport,BB,9.02,2.4,7.94,0,1.66,8.26,Real Estate,6.16,0.055,0.073425,0.6134146341463415,10.219999999999999,Stage 1,0.46
L00360,C0142,SME,Energy,A,5.34,6.25,12.94,20,3.06,5.93,Real Estate,6.91,0.012,0.014000000000000002,0.4911985018726592,8.465,Stage 1,0.058
L00361,C0021,SME,Consumer Finance,BB,11.4,2.48,13.25,0,3.36,5.23,Real Estate,15.02,0.055,0.055,0.48649122807017553,12.64,Stage 1,0.338
L00362,C0048,Corporate,Real Estate,BB,6.62,1.32,10.73,0,3.15,8.0,Machinery,9.84,0.055,0.055,0.4527190332326284,7.28,Stage 1,0.181
L00363,C0148,Retail,Technology,BBB,12.57,42.4,14.38,0,1.31,5.4,Unsecured,0.0,0.025,0.0355625,0.65,33.769999999999996,Stage 1,0.781
L00364,C0128,SME,Retail,BBB,36.17,1.32,13.01,0,1.08,4.95,Real Estate,45.19,0.025,0.037,0.5001244124965442,36.83,Stage 1,0.682
L00365,C0136,Corporate,Construction,BBB,13.01,17.81,12.92,0,1.92,6.69,Receivables,8.63,0.025,0.03175,0.6173328209069946,21.915,Stage 1,0.43
L00366,C0135,Corporate,Real Estate,BB,10.89,2.96,12.73,0,0.52,6.34,Real Estate,15.7,0.055,0.08910000000000001,0.461662075298439,12.370000000000001,Stage 1,0.509
L00367,C0195,Corporate,Retail,BBB,17.67,3.46,8.55,60,0.58,2.45,Receivables,11.78,0.025,0.060187500000000005,0.6166666666666667,19.400000000000002,Stage 2,0.72
L00368,C0145,Corporate,Manufacturing,B,8.27,2.29,9.02,0,2.16,4.53,Real Estate,14.01,0.12,0.1452,0.4111850060459492,9.415,Stage 1,0.562
L00369,C0128,Corporate,Manufacturing,BB,24.3,6.35,10.75,0,2.06,4.54,Real Estate,35.05,0.055,0.067925,0.461522633744856,27.475,Stage 1,0.861
L00370,C0033,Corporate,Real Estate,AA,19.04,1.34,9.35,10,3.48,3.84,Real Estate,23.02,0.006,0.0065,0.5081932773109245,19.71,Stage 1,0.065
L00371,C0176,Corporate,Agriculture,BB,13.84,1.01,10.41,0,1.11,4.88,Real Estate,15.64,0.055,0.08098749999999999,0.5239884393063584,14.345,Stage 1,0.609
L00372,C0204,Corporate,Retail,BBB,15.0,11.33,13.72,0,1.27,4.1,Machinery,11.35,0.025,0.035812500000000004,0.5986666666666667,20.665,Stage 1,0.443
L00373,C0187,Retail,Retail,BB,56.22,2.09,13.27,0,0.84,2.5,Unsecured,0.0,0.055,0.0847,0.65,57.265,Stage 1,3.153
L00374,C0115,Corporate,Energy,BB,26.04,6.19,11.91,0,3.25,4.09,Real Estate,42.78,0.055,0.055,0.42142857142857143,29.134999999999998,Stage 1,0.675
L00375,C0214,SME,Agriculture,A,62.78,1.72,13.51,0,2.83,1.54,Receivables,105.81,0.012,0.01251,0.41291812679197204,63.64,Stage 1,0.329
L00376,C0119,Corporate,Technology,BBB,19.54,6.02,12.99,0,2.97,5.32,Receivables,11.74,0.025,0.025187499999999998,0.6298362333674514,22.549999999999997,Stage 1,0.358
L00377,C0022,Retail,Technology,A,4.81,11.92,10.5,0,3.21,7.4,Unsecured,0.0,0.012,0.012,0.65,10.77,Stage 1,0.084
L00378,C0158,Corporate,Construction,AA,11.21,2.54,8.91,0,2.07,6.44,Real Estate,16.4,0.006,0.007395,0.4574041034790367,12.48,Stage 1,0.042
L00379,C0038,Corporate,Transport,BBB,4.1,0.95,11.1,5,1.85,3.7,Machinery,5.5,0.025,0.033528645833333336,0.48170731707317077,4.574999999999999,Stage 1,0.074
L00380,C0109,Retail,Manufacturing,BBB,19.49,11.97,12.65,0,1.49,1.65,Unsecured,0.0,0.025,0.0344375,0.65,25.474999999999998,Stage 1,0.57
L00381,C0051,Retail,Technology,CCC,22.69,7.02,10.55,0,2.27,2.52,Receivables,19.54,0.28,0.33110000000000006,0.5777655354781843,26.200000000000003,Stage 1,5.012
L00382,C0182,Retail,Agriculture,BBB,7.24,2.63,12.17,20,1.86,5.09,Real Estate,6.52,0.025,0.03747916666666667,0.569889502762431,8.555,Stage 1,0.183
L00383,C0008,Corporate,Retail,BBB,8.51,3.15,8.16,0,1.85,2.55,Real Estate,13.6,0.025,0.0321875,0.43037602820211524,10.084999999999999,Stage 1,0.14
L00384,C0027,Corporate,Technology,BBB,14.94,1.69,12.74,0,3.31,5.08,Real Estate,17.27,0.025,0.025,0.5188085676037484,15.785,Stage 1,0.205
L00385,C0027,SME,Retail,AA,5.82,9.92,13.19,35,3.45,2.74,Inventory,6.89,0.006,0.007750000000000001,0.5132302405498282,10.780000000000001,Stage 2,0.043
L00386,C0021,Retail,Technology,CCC,5.52,2.52,12.45,0,2.89,7.37,Receivables,9.5,0.28,0.2877,0.4057971014492754,6.779999999999999,Stage 1,0.792
L00387,C0030,SME,Manufacturing,BB,32.04,1.36,14.27,0,2.77,3.98,Real Estate,43.72,0.055,0.058162500000000006,0.47709113607990017,32.72,Stage 1,0.908
L00388,C0097,SME,Technology,BB,14.59,4.26,13.29,5,2.54,2.84,Inventory,24.49,0.055,0.06388020833333334,0.4142906100068541,16.72,Stage 1,0.442
L00389,C0028,Corporate,Agriculture,A,9.11,2.01,13.82,0,1.0,7.09,Inventory,10.46,0.012,0.018000000000000002,0.5203622392974753,10.114999999999998,Stage 1,0.095
L00390,C0111,SME,Technology,BBB,4.12,1.78,14.03,0,0.68,3.57,Machinery,3.21,0.025,0.03950000000000001,0.5941747572815534,5.01,Stage 1,0.118
L00391,C0192,Corporate,Transport,BBB,24.45,2.72,13.11,0,2.57,1.84,Receivables,41.95,0.025,0.0276875,0.4068507157464213,25.81,Stage 1,0.291
L00392,C0197,Corporate,Manufacturing,B,8.34,3.9,12.22,0,2.69,5.28,Unsecured,0.0,0.12,0.1293,0.65,10.29,Stage 1,0.865
L00393,C0061,Corporate,Agriculture,AAA,49.53,1.4,7.54,0,0.64,5.36,Real Estate,40.51,0.003,0.00477,0.586422370280638,50.230000000000004,Stage 1,0.141
L00394,C0048,SME,Energy,BBB,24.57,9.68,10.76,20,3.28,6.36,Unsecured,0.0,0.025,0.02916666666666667,0.65,29.41,Stage 1,0.558
L00395,C0147,Corporate,Agriculture,CCC,7.65,5.89,11.5,0,0.77,2.8,Real Estate,5.06,0.28,0.4361000000000001,0.6177124183006537,10.595,Stage 1,2.854
L00396,C0004,Corporate,Transport,BBB,8.16,2.84,9.63,20,1.36,4.33,Real Estate,9.48,0.025,0.041125,0.5176470588235295,9.58,Stage 1,0.204
L00397,C0035,SME,Manufacturing,BBB,44.94,1.95,9.73,0,2.52,3.12,Real Estate,72.97,0.025,0.028000000000000004,0.4252558967512239,45.915,Stage 1,0.547
L00398,C0192,Corporate,Energy,A,12.69,3.45,14.23,10,1.01,1.61,Real Estate,21.83,0.012,0.0194675,0.4059495665878645,14.415,Stage 1,0.114
L00399,C0049,SME,Transport,CCC,9.4,6.89,13.74,0,0.67,7.57,Real Estate,16.16,0.28,0.44310000000000005,0.40617021276595744,12.845,Stage 1,2.312
L00400,C0017,Corporate,Transport,AAA,13.73,6.18,13.44,0,1.49,6.47,Real Estate,10.3,0.003,0.0041325,0.5999635833940277,16.82,Stage 1,0.042
L00401,C0172,SME,Real Estate,BB,9.37,7.7,10.34,0,2.8,3.26,Unsecured,0.0,0.055,0.05775,0.65,13.219999999999999,Stage 1,0.496
L00402,C0158,SME,Manufacturing,BB,15.94,2.62,7.6,0,1.74,5.5,Real Estate,10.1,0.055,0.072325,0.6232747804265998,17.25,Stage 1,0.778
L00403,C0046,Corporate,Agriculture,A,12.77,0.47,8.06,0,2.46,2.51,Receivables,20.77,0.012,0.01362,0.4247063429913861,13.004999999999999,Stage 1,0.075
L00404,C0117,Corporate,Retail,BB,24.85,8.79,9.69,10,2.24,7.68,Real Estate,25.61,0.055,0.07090416666666666,0.5438832997987928,29.245,Stage 1,1.128
L00405,C0006,Corporate,Retail,AA,10.26,3.26,7.61,10,0.57,1.86,Unsecured,0.0,0.006,0.010448749999999998,0.65,11.89,Stage 1,0.081
L00406,C0099,Corporate,Agriculture,A,7.25,5.85,7.62,0,3.47,1.03,Receivables,10.57,0.012,0.012,0.4584137931034483,10.175,Stage 1,0.056
L00407,C0124,Retail,Agriculture,BB,10.55,11.8,13.92,0,0.62,4.77,Real Estate,11.77,0.055,0.087725,0.5268720379146921,16.450000000000003,Stage 1,0.76
L00408,C0037,Corporate,Manufacturing,B,10.5,20.17,12.44,0,3.4,5.37,Receivables,10.16,0.12,0.12,0.5564761904761906,20.585,Stage 1,1.375
L00409,C0024,Retail,Agriculture,BB,12.75,2.33,9.66,0,2.15,5.34,Machinery,22.37,0.055,0.0666875,0.3990980392156863,13.915,Stage 1,0.37
L00410,C0093,Corporate,Real Estate,BBB,20.99,4.03,8.43,0,3.39,1.41,Unsecured,0.0,0.025,0.025,0.65,23.005,Stage 1,0.374
L00411,C0046,SME,Energy,A,20.21,9.55,11.08,5,0.84,3.36,Machinery,19.15,0.012,0.01925,0.5604898565066799,24.985,Stage 1,0.27
L00412,C0181,SME,Agriculture,AA,31.18,2.03,7.54,150,1.97,4.74,Inventory,36.65,0.006,0.016976250000000002,0.5149134060295062,32.195,Stage 3,0.281
L00413,C0095,SME,Retail,A,7.63,2.44,14.07,0,1.01,2.62,Unsecured,0.0,0.012,0.01797,0.65,8.85,Stage 1,0.103
L00414,C0099,SME,Agriculture,A,17.67,2.43,10.4,0,0.65,7.54,Machinery,10.71,0.012,0.01905,0.6287775891341257,18.885,Stage 1,0.226
L00415,C0188,Corporate,Real Estate,BBB,22.4,3.6,10.32,0,2.35,1.65,Real Estate,24.53,0.025,0.029062500000000005,0.5309821428571428,24.2,Stage 1,0.373
L00416,C0116,Corporate,Technology,BBB,8.4,3.15,10.23,0,1.12,4.66,Unsecured,0.0,0.025,0.03675,0.65,9.975,Stage 1,0.238
L00417,C0191,Retail,Technology,BBB,11.64,2.42,7.99,0,2.26,6.19,Real Estate,14.1,0.025,0.029625000000000002,0.5077319587628867,12.850000000000001,Stage 1,0.193
L00418,C0213,Retail,Transport,A,3.96,1.87,11.97,0,0.84,2.96,Machinery,2.49,0.012,0.01848,0.6242424242424243,4.895,Stage 1,0.056
L00419,C0160,Retail,Construction,BBB,25.4,6.48,12.63,20,1.5,5.68,Real Estate,27.64,0.025,0.04010416666666667,0.5323622047244094,28.64,Stage 1,0.611
L00420,C0215,Corporate,Energy,B,11.58,9.36,12.23,0,2.84,7.22,Machinery,10.01,0.12,0.1248,0.5771157167530225,16.259999999999998,Stage 1,1.171
L00421,C0161,SME,Consumer Finance,BBB,23.68,10.36,8.47,0,1.81,2.43,Cash,29.36,0.025,0.0324375,0.5020270270270271,28.86,Stage 1,0.47
L00422,C0067,Retail,Transport,B,15.55,2.62,11.55,35,2.38,7.88,Real Estate,27.92,0.12,0.17902500000000002,0.39090032154340837,16.86,Stage 2,1.18
L00423,C0128,Corporate,Technology,B,11.83,6.67,11.49,5,2.44,5.15,Real Estate,18.46,0.12,0.14250000000000002,0.43791208791208797,15.165,Stage 1,0.946
L00424,C0018,Corporate,Retail,A,4.42,4.33,13.58,0,3.03,3.24,Receivables,7.14,0.012,0.012,0.42692307692307696,6.585,Stage 1,0.034
L00425,C0025,SME,Consumer Finance,BB,5.0,2.46,10.15,0,1.47,4.23,Unsecured,0.0,0.055,0.07603750000000001,0.65,6.23,Stage 1,0.308
L00426,C0054,SME,Transport,BBB,2.19,6.13,10.1,0,2.56,3.34,Machinery,1.42,0.025,0.027749999999999997,0.6203196347031964,5.255,Stage 1,0.09
L00427,C0058,Retail,Consumer Finance,BBB,9.08,2.38,11.83,5,3.38,6.44,Real Estate,7.7,0.025,0.02604166666666667,0.5803964757709251,10.27,Stage 1,0.155
L00428,C0067,Corporate,Manufacturing,BBB,66.34,2.82,11.93,0,2.69,6.97,Unsecured,0.0,0.025,0.026937500000000003,0.65,67.75,Stage 1,1.186
L00429,C0104,SME,Construction,BBB,5.47,1.4,10.78,0,1.97,7.25,Receivables,5.69,0.025,0.0314375,0.5419561243144424,6.17,Stage 1,0.105
L00430,C0174,Corporate,Manufacturing,BBB,2.13,2.65,10.6,0,2.39,8.39,Real Estate,1.54,0.025,0.028812499999999998,0.6053990610328639,3.455,Stage 1,0.06
L00431,C0024,Corporate,Consumer Finance,BBB,26.41,4.38,10.96,5,2.72,6.93,Real Estate,38.11,0.025,0.02786458333333333,0.4613971980310489,28.6,Stage 1,0.368
L00432,C0114,Corporate,Manufacturing,BB,70.43,11.0,13.53,0,2.34,5.51,Machinery,67.57,0.055,0.06407500000000001,0.5581215391168537,75.93,Stage 1,2.715
L00433,C0032,Retail,Real Estate,BB,16.59,2.86,10.73,0,0.55,3.54,Real Estate,15.31,0.055,0.0886875,0.5654309825195901,18.02,Stage 1,0.904
L00434,C0175,SME,Technology,BBB,16.48,1.77,14.08,0,1.08,5.08,Real Estate,29.62,0.025,0.037,0.3905339805825243,17.365000000000002,Stage 1,0.251
L00435,C0086,SME,Real Estate,BB,10.84,10.47,11.03,0,2.93,1.31,Unsecured,0.0,0.055,0.055962500000000005,0.65,16.075,Stage 1,0.585
L00436,C0151,Corporate,Agriculture,A,3.83,2.58,14.14,0,1.32,6.59,Real Estate,4.17,0.012,0.01704,0.5322454308093996,5.12,Stage 1,0.046
L00437,C0194,Retail,Manufacturing,A,4.88,1.08,13.33,10,2.69,4.34,Receivables,8.67,0.012,0.0140075,0.39467213114754096,5.42,Stage 1,0.03
L00438,C0127,Corporate,Agriculture,BB,10.79,4.03,10.04,60,1.62,1.15,Real Estate,14.89,0.055,0.11096249999999999,0.47400370713623724,12.805,Stage 2,0.673
L00439,C0155,Retail,Retail,BBB,9.43,2.92,13.55,0,2.07,1.47,Receivables,14.05,0.025,0.0308125,0.4520148462354189,10.89,Stage 1,0.152
L00440,C0130,Corporate,Energy,AAA,12.42,18.36,8.27,0,0.7,3.91,Receivables,7.92,0.003,0.004725,0.6224637681159421,21.6,Stage 1,0.064
L00441,C0218,Corporate,Retail,A,24.06,5.12,13.98,0,1.04,5.38,Real Estate,17.95,0.012,0.01788,0.6007896924355778,26.619999999999997,Stage 1,0.286
L00442,C0017,SME,Consumer Finance,A,8.96,3.31,11.92,0,3.37,4.48,Machinery,12.18,0.012,0.012,0.4781250000000001,10.615,Stage 1,0.061
L00443,C0104,Corporate,Technology,CCC,24.41,1.92,7.88,0,3.17,5.64,Real Estate,40.98,0.28,0.28,0.41423596886521924,25.37,Stage 1,2.943
L00444,C0161,SME,Manufacturing,BBB,9.0,4.62,12.01,35,2.46,4.6,Unsecured,0.0,0.025,0.03665104166666667,0.65,11.31,Stage 2,0.269
L00445,C0137,SME,Transport,B,27.85,10.17,14.32,0,1.88,5.96,Unsecured,0.0,0.12,0.1536,0.65,32.935,Stage 1,3.288
L00446,C0043,Corporate,Energy,BBB,14.3,4.56,7.99,0,2.53,2.64,Machinery,10.57,0.025,0.027937500000000004,0.6021678321678322,16.580000000000002,Stage 1,0.279
L00447,C0176,Retail,Construction,BBB,9.92,2.03,11.38,0,2.36,1.85,Machinery,16.0,0.025,0.029000000000000005,0.4274193548387097,10.935,Stage 1,0.136
L00448,C0039,Corporate,Construction,BBB,14.13,5.35,12.73,10,2.21,5.47,Real Estate,10.84,0.025,0.03243229166666667,0.5965675866949753,16.805,Stage 1,0.325
L00449,C0170,SME,Construction,BB,10.96,3.55,13.17,0,0.68,4.64,Receivables,13.42,0.055,0.0869,0.505109489051095,12.735000000000001,Stage 1,0.559
L00450,C0026,Retail,Manufacturing,A,14.57,5.02,10.4,60,2.4,1.2,Real Estate,9.39,0.012,0.0207,0.621105010295127,17.08,Stage 2,0.22
L00451,C0099,SME,Construction,B,22.89,2.86,8.93,5,2.81,3.85,Real Estate,15.95,0.12,0.13093749999999998,0.6106378331148974,24.32,Stage 1,1.945
L00452,C0050,Corporate,Real Estate,B,12.67,2.82,7.8,0,3.48,1.8,Machinery,17.82,0.12,0.12,0.46870560378847675,14.08,Stage 1,0.792
L00453,C0153,Retail,Energy,BBB,10.39,2.74,11.56,0,0.53,4.99,Real Estate,14.83,0.025,0.0404375,0.4645332050048124,11.760000000000002,Stage 1,0.221
L00454,C0152,SME,Real Estate,CCC,6.13,7.1,10.67,0,2.69,3.97,Receivables,6.19,0.28,0.3017000000000001,0.5480424143556281,9.68,Stage 1,1.601
L00455,C0013,Corporate,Energy,B,20.19,2.84,14.14,0,2.22,5.6,Real Estate,17.34,0.12,0.14339999999999997,0.5782317979197623,21.61,Stage 1,1.792
L00456,C0060,Corporate,Real Estate,BB,17.18,2.66,7.92,0,1.8,7.04,Inventory,27.08,0.055,0.07150000000000001,0.4347497089639116,18.509999999999998,Stage 1,0.575
L00457,C0135,SME,Energy,A,5.89,1.9,12.3,0,0.88,3.25,Real Estate,5.07,0.012,0.01836,0.5778438030560272,6.84,Stage 1,0.073
L00458,C0057,SME,Agriculture,BBB,24.16,5.04,7.67,0,1.73,8.22,Real Estate,30.21,0.025,0.0329375,0.4999172185430464,26.68,Stage 1,0.439
L00459,C0036,SME,Manufacturing,BBB,5.82,4.56,8.7,0,1.56,5.02,Inventory,10.25,0.025,0.033999999999999996,0.397766323024055,8.1,Stage 1,0.11
L00460,C0173,Retail,Manufacturing,A,27.67,2.68,10.68,0,1.41,5.64,Cash,21.51,0.012,0.01677,0.5945247560534875,29.01,Stage 1,0.289
L00461,C0020,SME,Construction,AA,21.79,2.23,10.68,5,2.69,6.11,Unsecured,0.0,0.006,0.006734375000000002,0.65,22.904999999999998,Stage 1,0.1
L00462,C0065,Corporate,Retail,BB,18.06,13.64,12.3,0,2.6,6.0,Real Estate,14.8,0.055,0.060500000000000005,0.5861018826135106,24.88,Stage 1,0.882
L00463,C0008,Corporate,Construction,A,10.34,0.98,13.87,0,2.27,4.83,Real Estate,13.24,0.012,0.014190000000000001,0.4939071566731142,10.83,Stage 1,0.076
L00464,C0144,Corporate,Consumer Finance,BB,20.15,5.18,11.97,0,3.32,4.22,Unsecured,0.0,0.055,0.055,0.65,22.74,Stage 1,0.813
L00465,C0142,SME,Real Estate,B,28.6,9.06,14.17,0,1.55,1.4,Machinery,50.28,0.12,0.1635,0.3983916083916085,33.13,Stage 1,2.158
L00466,C0204,Corporate,Energy,B,20.38,0.34,13.67,0,1.23,1.17,Real Estate,18.92,0.12,0.17309999999999998,0.5643277723258097,20.55,Stage 1,2.007
L00467,C0115,SME,Retail,BBB,8.42,6.4,11.59,0,2.47,3.68,Unsecured,0.0,0.025,0.028312499999999997,0.65,11.620000000000001,Stage 1,0.214
L00468,C0215,SME,Consumer Finance,B,16.24,3.15,13.34,0,1.1,3.5,Unsecured,0.0,0.12,0.177,0.65,17.814999999999998,Stage 1,2.05
L00469,C0143,Retail,Manufacturing,AAA,29.74,4.39,12.0,0,1.45,3.91,Cash,36.99,0.003,0.0041624999999999995,0.5012441156691325,31.935,Stage 1,0.067
L00470,C0092,Corporate,Manufacturing,AAA,62.76,2.93,8.05,0,1.17,2.04,Unsecured,0.0,0.003,0.0043725000000000005,0.65,64.225,Stage 1,0.183
L00471,C0098,Retail,Construction,BB,11.66,7.79,12.68,0,0.71,6.54,Unsecured,0.0,0.055,0.0864875,0.65,15.555,Stage 1,0.874
L00472,C0066,Corporate,Real Estate,BBB,24.55,4.73,8.16,0,2.98,7.43,Real Estate,35.39,0.025,0.025124999999999998,0.4616904276985744,26.915,Stage 1,0.312
L00473,C0032,Retail,Retail,BBB,29.79,4.02,11.66,0,1.26,8.04,Real Estate,18.39,0.025,0.035875000000000004,0.6265357502517623,31.799999999999997,Stage 1,0.715
L00474,C0215,Corporate,Technology,BBB,7.62,1.96,12.42,0,1.92,4.69,Inventory,5.02,0.025,0.03175,0.618241469816273,8.6,Stage 1,0.169
L00475,C0191,Corporate,Consumer Finance,A,46.87,13.7,7.97,0,0.63,6.26,Machinery,61.83,0.012,0.019110000000000002,0.486163857478131,53.72,Stage 1,0.499
L00476,C0086,SME,Consumer Finance,A,6.39,3.69,9.12,0,2.6,7.42,Machinery,6.45,0.012,0.013200000000000002,0.5481220657276995,8.235,Stage 1,0.06
L00477,C0051,Corporate,Construction,BBB,23.72,18.23,13.91,0,1.49,4.14,Real Estate,41.37,0.025,0.0344375,0.40118043844856666,32.835,Stage 1,0.454
L00478,C0153,Corporate,Manufacturing,BB,16.67,14.14,11.81,0,2.73,3.32,Machinery,28.07,0.055,0.058712499999999994,0.41322735452909426,23.740000000000002,Stage 1,0.576
L00479,C0186,SME,Construction,BB,14.0,1.06,9.22,0,1.74,8.03,Inventory,20.39,0.055,0.072325,0.45871428571428574,14.53,Stage 1,0.482
L00480,C0063,SME,Energy,BBB,80.06,2.32,12.33,20,1.09,4.87,Real Estate,126.64,0.025,0.04309375000000001,0.4336372720459656,81.22,Stage 1,1.518
L00481,C0190,SME,Retail,BBB,10.9,1.78,11.68,5,2.04,4.73,Real Estate,15.27,0.025,0.03229166666666667,0.46981651376146794,11.790000000000001,Stage 1,0.179
L00482,C0125,SME,Real Estate,A,10.78,3.55,11.01,0,0.89,2.34,Machinery,8.09,0.012,0.018330000000000003,0.5999072356215214,12.555,Stage 1,0.138
L00483,C0150,SME,Agriculture,AA,34.19,4.18,14.33,0,1.82,1.81,Receivables,51.92,0.006,0.00777,0.44628546358584387,36.28,Stage 1,0.126
L00484,C0058,Corporate,Transport,BB,22.95,4.31,12.28,0,1.45,7.32,Real Estate,19.56,0.055,0.07631249999999999,0.5795424836601307,25.105,Stage 1,1.11
L00485,C0058,Corporate,Transport,A,33.03,7.67,10.13,0,3.24,5.61,Machinery,32.64,0.012,0.012,0.5523614895549501,36.865,Stage 1,0.244
L00486,C0086,Corporate,Construction,A,14.61,10.44,13.1,0,0.68,3.44,Receivables,23.13,0.012,0.01896,0.43336755646817254,19.83,Stage 1,0.163
L00487,C0049,Retail,Energy,BB,16.81,7.22,13.69,0,2.58,2.44,Machinery,20.91,0.055,0.060775,0.501219512195122,20.419999999999998,Stage 1,0.622
L00488,C0180,SME,Retail,BB,50.94,2.48,8.38,0,1.05,5.17,Real Estate,83.13,0.055,0.0818125,0.4236160188457009,52.18,Stage 1,1.808
L00489,C0170,Corporate,Technology,BB,7.5,2.12,8.9,35,1.46,5.38,Machinery,6.42,0.055,0.09839270833333334,0.5788000000000001,8.56,Stage 2,0.487
L00490,C0070,SME,Transport,A,12.53,3.68,9.01,0,1.75,2.55,Real Estate,16.66,0.012,0.01575,0.48407821229050285,14.37,Stage 1,0.11
L00491,C0015,Retail,Retail,A,23.54,4.94,12.34,0,3.22,7.39,Unsecured,0.0,0.012,0.012,0.65,26.009999999999998,Stage 1,0.203
L00492,C0054,Corporate,Real Estate,A,11.74,3.23,11.72,0,1.23,1.63,Real Estate,16.1,0.012,0.01731,0.47572402044293016,13.355,Stage 1,0.11
L00493,C0188,SME,Energy,A,9.03,1.43,11.83,0,0.77,3.67,Receivables,13.68,0.012,0.018690000000000002,0.4470099667774087,9.745,Stage 1,0.081
L00494,C0101,SME,Manufacturing,BB,20.76,5.91,14.09,0,1.46,6.1,Real Estate,27.03,0.055,0.076175,0.4895953757225434,23.715000000000003,Stage 1,0.884
L00495,C0008,SME,Retail,B,34.3,2.79,12.93,0,0.81,3.06,Machinery,31.54,0.12,0.18569999999999998,0.5660932944606414,35.695,Stage 1,3.752
L00496,C0053,Corporate,Real Estate,BB,12.2,2.73,8.4,10,0.89,7.21,Inventory,7.78,0.055,0.09101354166666667,0.6224590163934427,13.565,Stage 1,0.768
L00497,C0060,Retail,Technology,BB,11.97,3.53,9.93,0,2.22,6.55,Real Estate,8.9,0.055,0.06572499999999999,0.6012949039264829,13.735000000000001,Stage 1,0.543
L00498,C0108,Retail,Agriculture,BBB,8.56,3.1,10.55,0,0.68,6.92,Machinery,11.53,0.025,0.03950000000000001,0.48060747663551406,10.110000000000001,Stage 1,0.192
L00499,C0005,SME,Manufacturing,BB,10.94,2.84,10.27,5,0.59,1.89,Real Estate,18.83,0.055,0.09180989583333335,0.4057586837294333,12.36,Stage 1,0.46
L00500,C0103,SME,Agriculture,BBB,28.75,1.5,12.19,0,2.64,2.05,Real Estate,24.38,0.025,0.027249999999999996,0.5804,29.5,Stage 1,0.467
